<?xml version="1.0" encoding="Windows-1252"?>
<TransXChange CreationDateTime="2019-06-18T08:56:00.1474862+01:00" ModificationDateTime="2019-06-18T08:56:00.1474862+01:00" Modification="new" FileName="tfl_31-TRS-_-y05-15.xml" RevisionNumber="3" SchemaVersion="2.1" xml:lang="en" xsi:schemaLocation="http://www.transxchange.org.uk/ http://www.transxchange.org.uk/schema/2.1/TransXChange_general.xsd" xmlns:xsi="http://www.w3.org/2001/XMLSchema-instance" xmlns="http://www.transxchange.org.uk/">
	<NptgLocalities>
		<AnnotatedNptgLocalityRef>
			<NptgLocalityRef>E0034863</NptgLocalityRef>
			<LocalityName>Wapping (London)</LocalityName>
		</AnnotatedNptgLocalityRef>
		<AnnotatedNptgLocalityRef>
			<NptgLocalityRef>E0034961</NptgLocalityRef>
			<LocalityName>Westminster</LocalityName>
		</AnnotatedNptgLocalityRef>
		<AnnotatedNptgLocalityRef>
			<NptgLocalityRef>E0034328</NptgLocalityRef>
			<LocalityName>Greenwich (London)</LocalityName>
		</AnnotatedNptgLocalityRef>
	</NptgLocalities>
	<StopPoints>
		<StopPoint CreationDateTime="2016-04-18T00:00:00">
			<AtcoCode>9300STC1</AtcoCode>
			<Descriptor>
				<CommonName>St. Katharine's Pier</CommonName>
			</Descriptor>
			<Place>
				<NptgLocalityRef>E0034863</NptgLocalityRef>
				<Location Precision="1m">
					<Easting>533799</Easting>
					<Northing>180321</Northing>
				</Location>
			</Place>
			<StopClassification>
				<StopType>FBT</StopType>
				<OffStreet>
					<Ferry>
						<Berth />
					</Ferry>
				</OffStreet>
			</StopClassification>
			<AdministrativeAreaRef>000</AdministrativeAreaRef>
			<Notes>St. Katharine's Pier</Notes>
		</StopPoint>
		<StopPoint CreationDateTime="2016-04-19T00:00:00">
			<AtcoCode>9300WMR1</AtcoCode>
			<Descriptor>
				<CommonName>Westminster Pier</CommonName>
			</Descriptor>
			<Place>
				<NptgLocalityRef>E0034961</NptgLocalityRef>
				<Location Precision="1m">
					<Easting>530353</Easting>
					<Northing>179753</Northing>
				</Location>
			</Place>
			<StopClassification>
				<StopType>FBT</StopType>
				<OffStreet>
					<Ferry>
						<Berth />
					</Ferry>
				</OffStreet>
			</StopClassification>
			<AdministrativeAreaRef>000</AdministrativeAreaRef>
			<Notes>Westminster Pier</Notes>
		</StopPoint>
		<StopPoint CreationDateTime="2016-01-19T00:00:00">
			<AtcoCode>9300GNW1</AtcoCode>
			<Descriptor>
				<CommonName>Greenwich Pier</CommonName>
			</Descriptor>
			<Place>
				<NptgLocalityRef>E0034328</NptgLocalityRef>
				<Location Precision="1m">
					<Easting>538362</Easting>
					<Northing>178017</Northing>
				</Location>
			</Place>
			<StopClassification>
				<StopType>FBT</StopType>
				<OffStreet>
					<Ferry>
						<Berth />
					</Ferry>
				</OffStreet>
			</StopClassification>
			<AdministrativeAreaRef>000</AdministrativeAreaRef>
			<Notes>Greenwich Pier</Notes>
		</StopPoint>
	</StopPoints>
	<RouteSections>
		<RouteSection id="RS_31-TRS-_-y05-15-I-1">
			<RouteLink id="RL_31-TRS-_-y05-15-I-1-1">
				<From>
					<StopPointRef>9300GNW1</StopPointRef>
				</From>
				<To>
					<StopPointRef>9300STC1</StopPointRef>
				</To>
				<Distance>6785</Distance>
				<Direction>inbound</Direction>
			</RouteLink>
			<RouteLink id="RL_31-TRS-_-y05-15-I-1-2">
				<From>
					<StopPointRef>9300STC1</StopPointRef>
				</From>
				<To>
					<StopPointRef>9300WMR1</StopPointRef>
				</To>
				<Distance>4129</Distance>
				<Direction>inbound</Direction>
			</RouteLink>
		</RouteSection>
		<RouteSection id="RS_31-TRS-_-y05-15-I-2">
			<RouteLink id="RL_31-TRS-_-y05-15-I-2-1">
				<From>
					<StopPointRef>9300GNW1</StopPointRef>
				</From>
				<To>
					<StopPointRef>9300STC1</StopPointRef>
				</To>
				<Distance>6785</Distance>
				<Direction>inbound</Direction>
			</RouteLink>
			<RouteLink id="RL_31-TRS-_-y05-15-I-2-2">
				<From>
					<StopPointRef>9300STC1</StopPointRef>
				</From>
				<To>
					<StopPointRef>9300WMR1</StopPointRef>
				</To>
				<Distance>4129</Distance>
				<Direction>inbound</Direction>
			</RouteLink>
		</RouteSection>
		<RouteSection id="RS_31-TRS-_-y05-15-O-4">
			<RouteLink id="RL_31-TRS-_-y05-15-O-4-1">
				<From>
					<StopPointRef>9300WMR1</StopPointRef>
				</From>
				<To>
					<StopPointRef>9300STC1</StopPointRef>
				</To>
				<Distance>4129</Distance>
				<Direction>outbound</Direction>
			</RouteLink>
			<RouteLink id="RL_31-TRS-_-y05-15-O-4-2">
				<From>
					<StopPointRef>9300STC1</StopPointRef>
				</From>
				<To>
					<StopPointRef>9300GNW1</StopPointRef>
				</To>
				<Distance>6785</Distance>
				<Direction>outbound</Direction>
			</RouteLink>
		</RouteSection>
		<RouteSection id="RS_31-TRS-_-y05-15-I-6">
			<RouteLink id="RL_31-TRS-_-y05-15-I-6-1">
				<From>
					<StopPointRef>9300STC1</StopPointRef>
				</From>
				<To>
					<StopPointRef>9300WMR1</StopPointRef>
				</To>
				<Distance>4129</Distance>
				<Direction>inbound</Direction>
			</RouteLink>
		</RouteSection>
		<RouteSection id="RS_31-TRS-_-y05-15-O-7">
			<RouteLink id="RL_31-TRS-_-y05-15-O-7-1">
				<From>
					<StopPointRef>9300STC1</StopPointRef>
				</From>
				<To>
					<StopPointRef>9300GNW1</StopPointRef>
				</To>
				<Distance>6785</Distance>
				<Direction>outbound</Direction>
			</RouteLink>
		</RouteSection>
	</RouteSections>
	<Routes>
		<Route id="R_31-TRS-_-y05-15-I-1">
			<PrivateCode>R_31-TRS-_-y05-15-I-1</PrivateCode>
			<Description>Greenwich Pier - Westminster Pier</Description>
			<RouteSectionRef>RS_31-TRS-_-y05-15-I-1</RouteSectionRef>
		</Route>
		<Route id="R_31-TRS-_-y05-15-I-2">
			<PrivateCode>R_31-TRS-_-y05-15-I-2</PrivateCode>
			<Description>Greenwich Pier - Westminster Pier</Description>
			<RouteSectionRef>RS_31-TRS-_-y05-15-I-2</RouteSectionRef>
		</Route>
		<Route id="R_31-TRS-_-y05-15-O-4">
			<PrivateCode>R_31-TRS-_-y05-15-O-4</PrivateCode>
			<Description>Westminster Pier - Greenwich Pier</Description>
			<RouteSectionRef>RS_31-TRS-_-y05-15-O-4</RouteSectionRef>
		</Route>
		<Route id="R_31-TRS-_-y05-15-I-6">
			<PrivateCode>R_31-TRS-_-y05-15-I-6</PrivateCode>
			<Description>St. Katharine's Pier - Westminster Pier</Description>
			<RouteSectionRef>RS_31-TRS-_-y05-15-I-6</RouteSectionRef>
		</Route>
		<Route id="R_31-TRS-_-y05-15-O-7">
			<PrivateCode>R_31-TRS-_-y05-15-O-7</PrivateCode>
			<Description>St. Katharine's Pier - Greenwich Pier</Description>
			<RouteSectionRef>RS_31-TRS-_-y05-15-O-7</RouteSectionRef>
		</Route>
	</Routes>
	<JourneyPatternSections>
		<JourneyPatternSection id="JPS_31-TRS-_-y05-15-9-4-O">
			<JourneyPatternTimingLink id="JPL_31-TRS-_-y05-15-9-O-4-2">
				<From SequenceNumber="1">
					<Activity>pickUp</Activity>
					<StopPointRef>9300WMR1</StopPointRef>
					<TimingStatus>PTP</TimingStatus>
				</From>
				<To SequenceNumber="2">
					<Activity>pickUpAndSetDown</Activity>
					<StopPointRef>9300STC1</StopPointRef>
					<TimingStatus>PTP</TimingStatus>
				</To>
				<RouteLinkRef>RL_31-TRS-_-y05-15-O-4-1</RouteLinkRef>
				<RunTime>PT25M</RunTime>
			</JourneyPatternTimingLink>
			<JourneyPatternTimingLink id="JPL_31-TRS-_-y05-15-9-O-4-3">
				<From SequenceNumber="2">
					<Activity>pickUpAndSetDown</Activity>
					<StopPointRef>9300STC1</StopPointRef>
					<TimingStatus>PTP</TimingStatus>
				</From>
				<To SequenceNumber="3">
					<Activity>setDown</Activity>
					<StopPointRef>9300GNW1</StopPointRef>
					<TimingStatus>PTP</TimingStatus>
				</To>
				<RouteLinkRef>RL_31-TRS-_-y05-15-O-4-2</RouteLinkRef>
				<RunTime>PT30M</RunTime>
			</JourneyPatternTimingLink>
		</JourneyPatternSection>
		<JourneyPatternSection id="JPS_31-TRS-_-y05-15-1-1-I">
			<JourneyPatternTimingLink id="JPL_31-TRS-_-y05-15-1-I-1-2">
				<From SequenceNumber="1">
					<Activity>pickUp</Activity>
					<StopPointRef>9300GNW1</StopPointRef>
					<TimingStatus>PTP</TimingStatus>
				</From>
				<To SequenceNumber="2">
					<Activity>pickUpAndSetDown</Activity>
					<StopPointRef>9300STC1</StopPointRef>
					<TimingStatus>PTP</TimingStatus>
				</To>
				<RouteLinkRef>RL_31-TRS-_-y05-15-I-1-1</RouteLinkRef>
				<RunTime>PT35M</RunTime>
			</JourneyPatternTimingLink>
			<JourneyPatternTimingLink id="JPL_31-TRS-_-y05-15-1-I-1-3">
				<From SequenceNumber="2">
					<Activity>pickUpAndSetDown</Activity>
					<StopPointRef>9300STC1</StopPointRef>
					<TimingStatus>PTP</TimingStatus>
				</From>
				<To SequenceNumber="3">
					<Activity>setDown</Activity>
					<StopPointRef>9300WMR1</StopPointRef>
					<TimingStatus>PTP</TimingStatus>
				</To>
				<RouteLinkRef>RL_31-TRS-_-y05-15-I-1-2</RouteLinkRef>
				<RunTime>PT55M</RunTime>
			</JourneyPatternTimingLink>
		</JourneyPatternSection>
		<JourneyPatternSection id="JPS_31-TRS-_-y05-15-3-2-I">
			<JourneyPatternTimingLink id="JPL_31-TRS-_-y05-15-3-I-2-2">
				<From SequenceNumber="1">
					<Activity>pickUp</Activity>
					<StopPointRef>9300GNW1</StopPointRef>
					<TimingStatus>PTP</TimingStatus>
				</From>
				<To SequenceNumber="2">
					<Activity>pickUpAndSetDown</Activity>
					<StopPointRef>9300STC1</StopPointRef>
					<TimingStatus>PTP</TimingStatus>
				</To>
				<RouteLinkRef>RL_31-TRS-_-y05-15-I-2-1</RouteLinkRef>
				<RunTime>PT35M</RunTime>
			</JourneyPatternTimingLink>
			<JourneyPatternTimingLink id="JPL_31-TRS-_-y05-15-3-I-2-3">
				<From SequenceNumber="2">
					<Activity>pickUpAndSetDown</Activity>
					<StopPointRef>9300STC1</StopPointRef>
					<TimingStatus>PTP</TimingStatus>
				</From>
				<To SequenceNumber="3">
					<Activity>setDown</Activity>
					<StopPointRef>9300WMR1</StopPointRef>
					<TimingStatus>PTP</TimingStatus>
				</To>
				<RouteLinkRef>RL_31-TRS-_-y05-15-I-2-2</RouteLinkRef>
				<RunTime>PT25M</RunTime>
			</JourneyPatternTimingLink>
		</JourneyPatternSection>
		<JourneyPatternSection id="JPS_31-TRS-_-y05-15-11-7-O">
			<JourneyPatternTimingLink id="JPL_31-TRS-_-y05-15-11-O-7-2">
				<From SequenceNumber="2">
					<Activity>pickUp</Activity>
					<StopPointRef>9300STC1</StopPointRef>
					<TimingStatus>PTP</TimingStatus>
				</From>
				<To SequenceNumber="3">
					<Activity>setDown</Activity>
					<StopPointRef>9300GNW1</StopPointRef>
					<TimingStatus>PTP</TimingStatus>
				</To>
				<RouteLinkRef>RL_31-TRS-_-y05-15-O-7-1</RouteLinkRef>
				<RunTime>PT30M</RunTime>
			</JourneyPatternTimingLink>
		</JourneyPatternSection>
		<JourneyPatternSection id="JPS_31-TRS-_-y05-15-5-6-I">
			<JourneyPatternTimingLink id="JPL_31-TRS-_-y05-15-5-I-6-2">
				<From SequenceNumber="2">
					<Activity>pickUp</Activity>
					<StopPointRef>9300STC1</StopPointRef>
					<TimingStatus>PTP</TimingStatus>
				</From>
				<To SequenceNumber="3">
					<Activity>setDown</Activity>
					<StopPointRef>9300WMR1</StopPointRef>
					<TimingStatus>PTP</TimingStatus>
				</To>
				<RouteLinkRef>RL_31-TRS-_-y05-15-I-6-1</RouteLinkRef>
				<RunTime>PT25M</RunTime>
			</JourneyPatternTimingLink>
		</JourneyPatternSection>
	</JourneyPatternSections>
	<Operators>
		<Operator id="OId_TRS">
			<OperatorCode>TRS</OperatorCode>
			<OperatorShortName>Thames River Services</OperatorShortName>
			<OperatorNameOnLicence>Thames River Services</OperatorNameOnLicence>
			<TradingName>Thames River Services</TradingName>
		</Operator>
	</Operators>
	<Services>
		<Service>
			<ServiceCode>31-TRS-_-y05-15</ServiceCode>
			<PrivateCode>31-TRS-_-y05-15</PrivateCode>
			<Lines>
				<Line id="31-TRS-_-y05-15">
					<LineName>Thames River Services</LineName>
				</Line>
			</Lines>
			<OperatingPeriod>
				<StartDate>2019-06-15</StartDate>
				<EndDate>2019-10-28</EndDate>
			</OperatingPeriod>
			<OperatingProfile>
				<RegularDayType>
					<DaysOfWeek>
						<MondayToSunday />
					</DaysOfWeek>
				</RegularDayType>
			</OperatingProfile>
			<RegisteredOperatorRef>OId_TRS</RegisteredOperatorRef>
			<StopRequirements>
				<NoNewStopsRequired />
			</StopRequirements>
			<Mode>ferry</Mode>
			<Description>Westminster - St Katherine's - Greenwich</Description>
			<StandardService>
				<Origin>Westminster Pier</Origin>
				<Destination>Greenwich Pier</Destination>
				<JourneyPattern id="JP_31-TRS-_-y05-15-9-O-4">
					<Direction>outbound</Direction>
					<Operational>
						<VehicleType>
							<VehicleTypeCode>RTA</VehicleTypeCode>
							<Description>River Tours Acessible</Description>
						</VehicleType>
					</Operational>
					<RouteRef>R_31-TRS-_-y05-15-O-4</RouteRef>
					<JourneyPatternSectionRefs>JPS_31-TRS-_-y05-15-9-4-O</JourneyPatternSectionRefs>
				</JourneyPattern>
				<JourneyPattern id="JP_31-TRS-_-y05-15-1-I-1">
					<Direction>inbound</Direction>
					<Operational>
						<VehicleType>
							<VehicleTypeCode>RTA</VehicleTypeCode>
							<Description>River Tours Acessible</Description>
						</VehicleType>
					</Operational>
					<RouteRef>R_31-TRS-_-y05-15-I-1</RouteRef>
					<JourneyPatternSectionRefs>JPS_31-TRS-_-y05-15-1-1-I</JourneyPatternSectionRefs>
				</JourneyPattern>
				<JourneyPattern id="JP_31-TRS-_-y05-15-3-I-2">
					<Direction>inbound</Direction>
					<Operational>
						<VehicleType>
							<VehicleTypeCode>RTA</VehicleTypeCode>
							<Description>River Tours Acessible</Description>
						</VehicleType>
					</Operational>
					<RouteRef>R_31-TRS-_-y05-15-I-2</RouteRef>
					<JourneyPatternSectionRefs>JPS_31-TRS-_-y05-15-3-2-I</JourneyPatternSectionRefs>
				</JourneyPattern>
				<JourneyPattern id="JP_31-TRS-_-y05-15-11-O-7">
					<Direction>outbound</Direction>
					<Operational>
						<VehicleType>
							<VehicleTypeCode>RTA</VehicleTypeCode>
							<Description>River Tours Acessible</Description>
						</VehicleType>
					</Operational>
					<RouteRef>R_31-TRS-_-y05-15-O-7</RouteRef>
					<JourneyPatternSectionRefs>JPS_31-TRS-_-y05-15-11-7-O</JourneyPatternSectionRefs>
				</JourneyPattern>
				<JourneyPattern id="JP_31-TRS-_-y05-15-5-I-6">
					<Direction>inbound</Direction>
					<Operational>
						<VehicleType>
							<VehicleTypeCode>RTA</VehicleTypeCode>
							<Description>River Tours Acessible</Description>
						</VehicleType>
					</Operational>
					<RouteRef>R_31-TRS-_-y05-15-I-6</RouteRef>
					<JourneyPatternSectionRefs>JPS_31-TRS-_-y05-15-5-6-I</JourneyPatternSectionRefs>
				</JourneyPattern>
			</StandardService>
		</Service>
	</Services>
	<VehicleJourneys>
		<VehicleJourney>
			<PrivateCode>tfl-31-TRS-_-y05-15-1-TA</PrivateCode>
			<Operational>
				<VehicleType>
					<VehicleTypeCode>RTA</VehicleTypeCode>
					<Description>River Tours Acessible</Description>
				</VehicleType>
			</Operational>
			<VehicleJourneyCode>VJ_31-TRS-_-y05-15-1-TA</VehicleJourneyCode>
			<ServiceRef>31-TRS-_-y05-15</ServiceRef>
			<LineRef>31-TRS-_-y05-15</LineRef>
			<JourneyPatternRef>JP_31-TRS-_-y05-15-9-O-4</JourneyPatternRef>
			<DepartureTime>10:30:00</DepartureTime>
		</VehicleJourney>
		<VehicleJourney>
			<PrivateCode>tfl-31-TRS-_-y05-15-2-TA</PrivateCode>
			<Operational>
				<VehicleType>
					<VehicleTypeCode>RTA</VehicleTypeCode>
					<Description>River Tours Acessible</Description>
				</VehicleType>
			</Operational>
			<VehicleJourneyCode>VJ_31-TRS-_-y05-15-2-TA</VehicleJourneyCode>
			<ServiceRef>31-TRS-_-y05-15</ServiceRef>
			<LineRef>31-TRS-_-y05-15</LineRef>
			<JourneyPatternRef>JP_31-TRS-_-y05-15-9-O-4</JourneyPatternRef>
			<DepartureTime>11:00:00</DepartureTime>
		</VehicleJourney>
		<VehicleJourney>
			<PrivateCode>tfl-31-TRS-_-y05-15-3-TA</PrivateCode>
			<Operational>
				<VehicleType>
					<VehicleTypeCode>RTA</VehicleTypeCode>
					<Description>River Tours Acessible</Description>
				</VehicleType>
			</Operational>
			<VehicleJourneyCode>VJ_31-TRS-_-y05-15-3-TA</VehicleJourneyCode>
			<ServiceRef>31-TRS-_-y05-15</ServiceRef>
			<LineRef>31-TRS-_-y05-15</LineRef>
			<JourneyPatternRef>JP_31-TRS-_-y05-15-9-O-4</JourneyPatternRef>
			<DepartureTime>11:30:00</DepartureTime>
		</VehicleJourney>
		<VehicleJourney>
			<PrivateCode>tfl-31-TRS-_-y05-15-4-TA</PrivateCode>
			<Operational>
				<VehicleType>
					<VehicleTypeCode>RTA</VehicleTypeCode>
					<Description>River Tours Acessible</Description>
				</VehicleType>
			</Operational>
			<VehicleJourneyCode>VJ_31-TRS-_-y05-15-4-TA</VehicleJourneyCode>
			<ServiceRef>31-TRS-_-y05-15</ServiceRef>
			<LineRef>31-TRS-_-y05-15</LineRef>
			<JourneyPatternRef>JP_31-TRS-_-y05-15-9-O-4</JourneyPatternRef>
			<DepartureTime>12:00:00</DepartureTime>
		</VehicleJourney>
		<VehicleJourney>
			<PrivateCode>tfl-31-TRS-_-y05-15-5-TA</PrivateCode>
			<Operational>
				<VehicleType>
					<VehicleTypeCode>RTA</VehicleTypeCode>
					<Description>River Tours Acessible</Description>
				</VehicleType>
			</Operational>
			<VehicleJourneyCode>VJ_31-TRS-_-y05-15-5-TA</VehicleJourneyCode>
			<ServiceRef>31-TRS-_-y05-15</ServiceRef>
			<LineRef>31-TRS-_-y05-15</LineRef>
			<JourneyPatternRef>JP_31-TRS-_-y05-15-9-O-4</JourneyPatternRef>
			<DepartureTime>12:30:00</DepartureTime>
		</VehicleJourney>
		<VehicleJourney>
			<PrivateCode>tfl-31-TRS-_-y05-15-6-TA</PrivateCode>
			<Operational>
				<VehicleType>
					<VehicleTypeCode>RTA</VehicleTypeCode>
					<Description>River Tours Acessible</Description>
				</VehicleType>
			</Operational>
			<VehicleJourneyCode>VJ_31-TRS-_-y05-15-6-TA</VehicleJourneyCode>
			<ServiceRef>31-TRS-_-y05-15</ServiceRef>
			<LineRef>31-TRS-_-y05-15</LineRef>
			<JourneyPatternRef>JP_31-TRS-_-y05-15-9-O-4</JourneyPatternRef>
			<DepartureTime>13:00:00</DepartureTime>
		</VehicleJourney>
		<VehicleJourney>
			<PrivateCode>tfl-31-TRS-_-y05-15-7-TA</PrivateCode>
			<Operational>
				<VehicleType>
					<VehicleTypeCode>RTA</VehicleTypeCode>
					<Description>River Tours Acessible</Description>
				</VehicleType>
			</Operational>
			<VehicleJourneyCode>VJ_31-TRS-_-y05-15-7-TA</VehicleJourneyCode>
			<ServiceRef>31-TRS-_-y05-15</ServiceRef>
			<LineRef>31-TRS-_-y05-15</LineRef>
			<JourneyPatternRef>JP_31-TRS-_-y05-15-9-O-4</JourneyPatternRef>
			<DepartureTime>13:30:00</DepartureTime>
		</VehicleJourney>
		<VehicleJourney>
			<PrivateCode>tfl-31-TRS-_-y05-15-8-TA</PrivateCode>
			<Operational>
				<VehicleType>
					<VehicleTypeCode>RTA</VehicleTypeCode>
					<Description>River Tours Acessible</Description>
				</VehicleType>
			</Operational>
			<VehicleJourneyCode>VJ_31-TRS-_-y05-15-8-TA</VehicleJourneyCode>
			<ServiceRef>31-TRS-_-y05-15</ServiceRef>
			<LineRef>31-TRS-_-y05-15</LineRef>
			<JourneyPatternRef>JP_31-TRS-_-y05-15-9-O-4</JourneyPatternRef>
			<DepartureTime>14:00:00</DepartureTime>
		</VehicleJourney>
		<VehicleJourney>
			<PrivateCode>tfl-31-TRS-_-y05-15-9-TA</PrivateCode>
			<Operational>
				<VehicleType>
					<VehicleTypeCode>RTA</VehicleTypeCode>
					<Description>River Tours Acessible</Description>
				</VehicleType>
			</Operational>
			<VehicleJourneyCode>VJ_31-TRS-_-y05-15-9-TA</VehicleJourneyCode>
			<ServiceRef>31-TRS-_-y05-15</ServiceRef>
			<LineRef>31-TRS-_-y05-15</LineRef>
			<JourneyPatternRef>JP_31-TRS-_-y05-15-9-O-4</JourneyPatternRef>
			<DepartureTime>14:30:00</DepartureTime>
		</VehicleJourney>
		<VehicleJourney>
			<PrivateCode>tfl-31-TRS-_-y05-15-10-TA</PrivateCode>
			<Operational>
				<VehicleType>
					<VehicleTypeCode>RTA</VehicleTypeCode>
					<Description>River Tours Acessible</Description>
				</VehicleType>
			</Operational>
			<VehicleJourneyCode>VJ_31-TRS-_-y05-15-10-TA</VehicleJourneyCode>
			<ServiceRef>31-TRS-_-y05-15</ServiceRef>
			<LineRef>31-TRS-_-y05-15</LineRef>
			<JourneyPatternRef>JP_31-TRS-_-y05-15-9-O-4</JourneyPatternRef>
			<DepartureTime>15:00:00</DepartureTime>
		</VehicleJourney>
		<VehicleJourney>
			<PrivateCode>tfl-31-TRS-_-y05-15-11-TA</PrivateCode>
			<Operational>
				<VehicleType>
					<VehicleTypeCode>RTA</VehicleTypeCode>
					<Description>River Tours Acessible</Description>
				</VehicleType>
			</Operational>
			<VehicleJourneyCode>VJ_31-TRS-_-y05-15-11-TA</VehicleJourneyCode>
			<ServiceRef>31-TRS-_-y05-15</ServiceRef>
			<LineRef>31-TRS-_-y05-15</LineRef>
			<JourneyPatternRef>JP_31-TRS-_-y05-15-9-O-4</JourneyPatternRef>
			<DepartureTime>15:30:00</DepartureTime>
		</VehicleJourney>
		<VehicleJourney>
			<PrivateCode>tfl-31-TRS-_-y05-15-12-TA</PrivateCode>
			<Operational>
				<VehicleType>
					<VehicleTypeCode>RTA</VehicleTypeCode>
					<Description>River Tours Acessible</Description>
				</VehicleType>
			</Operational>
			<VehicleJourneyCode>VJ_31-TRS-_-y05-15-12-TA</VehicleJourneyCode>
			<ServiceRef>31-TRS-_-y05-15</ServiceRef>
			<LineRef>31-TRS-_-y05-15</LineRef>
			<JourneyPatternRef>JP_31-TRS-_-y05-15-9-O-4</JourneyPatternRef>
			<DepartureTime>16:00:00</DepartureTime>
		</VehicleJourney>
		<VehicleJourney>
			<PrivateCode>tfl-31-TRS-_-y05-15-14-TA</PrivateCode>
			<Operational>
				<VehicleType>
					<VehicleTypeCode>RTA</VehicleTypeCode>
					<Description>River Tours Acessible</Description>
				</VehicleType>
			</Operational>
			<VehicleJourneyCode>VJ_31-TRS-_-y05-15-14-TA</VehicleJourneyCode>
			<ServiceRef>31-TRS-_-y05-15</ServiceRef>
			<LineRef>31-TRS-_-y05-15</LineRef>
			<JourneyPatternRef>JP_31-TRS-_-y05-15-1-I-1</JourneyPatternRef>
			<DepartureTime>12:00:00</DepartureTime>
		</VehicleJourney>
		<VehicleJourney>
			<PrivateCode>tfl-31-TRS-_-y05-15-15-TA</PrivateCode>
			<Operational>
				<VehicleType>
					<VehicleTypeCode>RTA</VehicleTypeCode>
					<Description>River Tours Acessible</Description>
				</VehicleType>
			</Operational>
			<VehicleJourneyCode>VJ_31-TRS-_-y05-15-15-TA</VehicleJourneyCode>
			<ServiceRef>31-TRS-_-y05-15</ServiceRef>
			<LineRef>31-TRS-_-y05-15</LineRef>
			<JourneyPatternRef>JP_31-TRS-_-y05-15-1-I-1</JourneyPatternRef>
			<DepartureTime>12:30:00</DepartureTime>
		</VehicleJourney>
		<VehicleJourney>
			<PrivateCode>tfl-31-TRS-_-y05-15-16-TA</PrivateCode>
			<Operational>
				<VehicleType>
					<VehicleTypeCode>RTA</VehicleTypeCode>
					<Description>River Tours Acessible</Description>
				</VehicleType>
			</Operational>
			<VehicleJourneyCode>VJ_31-TRS-_-y05-15-16-TA</VehicleJourneyCode>
			<ServiceRef>31-TRS-_-y05-15</ServiceRef>
			<LineRef>31-TRS-_-y05-15</LineRef>
			<JourneyPatternRef>JP_31-TRS-_-y05-15-1-I-1</JourneyPatternRef>
			<DepartureTime>13:00:00</DepartureTime>
		</VehicleJourney>
		<VehicleJourney>
			<PrivateCode>tfl-31-TRS-_-y05-15-17-TA</PrivateCode>
			<Operational>
				<VehicleType>
					<VehicleTypeCode>RTA</VehicleTypeCode>
					<Description>River Tours Acessible</Description>
				</VehicleType>
			</Operational>
			<VehicleJourneyCode>VJ_31-TRS-_-y05-15-17-TA</VehicleJourneyCode>
			<ServiceRef>31-TRS-_-y05-15</ServiceRef>
			<LineRef>31-TRS-_-y05-15</LineRef>
			<JourneyPatternRef>JP_31-TRS-_-y05-15-1-I-1</JourneyPatternRef>
			<DepartureTime>13:30:00</DepartureTime>
		</VehicleJourney>
		<VehicleJourney>
			<PrivateCode>tfl-31-TRS-_-y05-15-18-TA</PrivateCode>
			<Operational>
				<VehicleType>
					<VehicleTypeCode>RTA</VehicleTypeCode>
					<Description>River Tours Acessible</Description>
				</VehicleType>
			</Operational>
			<VehicleJourneyCode>VJ_31-TRS-_-y05-15-18-TA</VehicleJourneyCode>
			<ServiceRef>31-TRS-_-y05-15</ServiceRef>
			<LineRef>31-TRS-_-y05-15</LineRef>
			<JourneyPatternRef>JP_31-TRS-_-y05-15-1-I-1</JourneyPatternRef>
			<DepartureTime>14:00:00</DepartureTime>
		</VehicleJourney>
		<VehicleJourney>
			<PrivateCode>tfl-31-TRS-_-y05-15-19-TA</PrivateCode>
			<Operational>
				<VehicleType>
					<VehicleTypeCode>RTA</VehicleTypeCode>
					<Description>River Tours Acessible</Description>
				</VehicleType>
			</Operational>
			<VehicleJourneyCode>VJ_31-TRS-_-y05-15-19-TA</VehicleJourneyCode>
			<ServiceRef>31-TRS-_-y05-15</ServiceRef>
			<LineRef>31-TRS-_-y05-15</LineRef>
			<JourneyPatternRef>JP_31-TRS-_-y05-15-1-I-1</JourneyPatternRef>
			<DepartureTime>14:30:00</DepartureTime>
		</VehicleJourney>
		<VehicleJourney>
			<PrivateCode>tfl-31-TRS-_-y05-15-20-TA</PrivateCode>
			<Operational>
				<VehicleType>
					<VehicleTypeCode>RTA</VehicleTypeCode>
					<Description>River Tours Acessible</Description>
				</VehicleType>
			</Operational>
			<VehicleJourneyCode>VJ_31-TRS-_-y05-15-20-TA</VehicleJourneyCode>
			<ServiceRef>31-TRS-_-y05-15</ServiceRef>
			<LineRef>31-TRS-_-y05-15</LineRef>
			<JourneyPatternRef>JP_31-TRS-_-y05-15-1-I-1</JourneyPatternRef>
			<DepartureTime>15:00:00</DepartureTime>
		</VehicleJourney>
		<VehicleJourney>
			<PrivateCode>tfl-31-TRS-_-y05-15-21-TA</PrivateCode>
			<Operational>
				<VehicleType>
					<VehicleTypeCode>RTA</VehicleTypeCode>
					<Description>River Tours Acessible</Description>
				</VehicleType>
			</Operational>
			<VehicleJourneyCode>VJ_31-TRS-_-y05-15-21-TA</VehicleJourneyCode>
			<ServiceRef>31-TRS-_-y05-15</ServiceRef>
			<LineRef>31-TRS-_-y05-15</LineRef>
			<JourneyPatternRef>JP_31-TRS-_-y05-15-1-I-1</JourneyPatternRef>
			<DepartureTime>15:30:00</DepartureTime>
		</VehicleJourney>
		<VehicleJourney>
			<PrivateCode>tfl-31-TRS-_-y05-15-22-TA</PrivateCode>
			<Operational>
				<VehicleType>
					<VehicleTypeCode>RTA</VehicleTypeCode>
					<Description>River Tours Acessible</Description>
				</VehicleType>
			</Operational>
			<VehicleJourneyCode>VJ_31-TRS-_-y05-15-22-TA</VehicleJourneyCode>
			<ServiceRef>31-TRS-_-y05-15</ServiceRef>
			<LineRef>31-TRS-_-y05-15</LineRef>
			<JourneyPatternRef>JP_31-TRS-_-y05-15-3-I-2</JourneyPatternRef>
			<DepartureTime>16:00:00</DepartureTime>
		</VehicleJourney>
		<VehicleJourney>
			<PrivateCode>tfl-31-TRS-_-y05-15-23-TA</PrivateCode>
			<Operational>
				<VehicleType>
					<VehicleTypeCode>RTA</VehicleTypeCode>
					<Description>River Tours Acessible</Description>
				</VehicleType>
			</Operational>
			<VehicleJourneyCode>VJ_31-TRS-_-y05-15-23-TA</VehicleJourneyCode>
			<ServiceRef>31-TRS-_-y05-15</ServiceRef>
			<LineRef>31-TRS-_-y05-15</LineRef>
			<JourneyPatternRef>JP_31-TRS-_-y05-15-3-I-2</JourneyPatternRef>
			<DepartureTime>16:30:00</DepartureTime>
		</VehicleJourney>
		<VehicleJourney>
			<PrivateCode>tfl-31-TRS-_-y05-15-25-TA</PrivateCode>
			<Operational>
				<VehicleType>
					<VehicleTypeCode>RTA</VehicleTypeCode>
					<Description>River Tours Acessible</Description>
				</VehicleType>
			</Operational>
			<VehicleJourneyCode>VJ_31-TRS-_-y05-15-25-TA</VehicleJourneyCode>
			<ServiceRef>31-TRS-_-y05-15</ServiceRef>
			<LineRef>31-TRS-_-y05-15</LineRef>
			<JourneyPatternRef>JP_31-TRS-_-y05-15-3-I-2</JourneyPatternRef>
			<DepartureTime>17:00:00</DepartureTime>
		</VehicleJourney>
		<VehicleJourney>
			<PrivateCode>tfl-31-TRS-_-y05-15-26-TA</PrivateCode>
			<Operational>
				<VehicleType>
					<VehicleTypeCode>RTA</VehicleTypeCode>
					<Description>River Tours Acessible</Description>
				</VehicleType>
			</Operational>
			<VehicleJourneyCode>VJ_31-TRS-_-y05-15-26-TA</VehicleJourneyCode>
			<ServiceRef>31-TRS-_-y05-15</ServiceRef>
			<LineRef>31-TRS-_-y05-15</LineRef>
			<JourneyPatternRef>JP_31-TRS-_-y05-15-11-O-7</JourneyPatternRef>
			<DepartureTime>16:55:00</DepartureTime>
		</VehicleJourney>
		<VehicleJourney>
			<PrivateCode>tfl-31-TRS-_-y05-15-27-TA</PrivateCode>
			<Operational>
				<VehicleType>
					<VehicleTypeCode>RTA</VehicleTypeCode>
					<Description>River Tours Acessible</Description>
				</VehicleType>
			</Operational>
			<VehicleJourneyCode>VJ_31-TRS-_-y05-15-27-TA</VehicleJourneyCode>
			<ServiceRef>31-TRS-_-y05-15</ServiceRef>
			<LineRef>31-TRS-_-y05-15</LineRef>
			<JourneyPatternRef>JP_31-TRS-_-y05-15-11-O-7</JourneyPatternRef>
			<DepartureTime>17:25:00</DepartureTime>
		</VehicleJourney>
		<VehicleJourney>
			<PrivateCode>tfl-31-TRS-_-y05-15-28-TA</PrivateCode>
			<Operational>
				<VehicleType>
					<VehicleTypeCode>RTA</VehicleTypeCode>
					<Description>River Tours Acessible</Description>
				</VehicleType>
			</Operational>
			<VehicleJourneyCode>VJ_31-TRS-_-y05-15-28-TA</VehicleJourneyCode>
			<ServiceRef>31-TRS-_-y05-15</ServiceRef>
			<LineRef>31-TRS-_-y05-15</LineRef>
			<JourneyPatternRef>JP_31-TRS-_-y05-15-5-I-6</JourneyPatternRef>
			<DepartureTime>18:05:00</DepartureTime>
		</VehicleJourney>
		<VehicleJourney>
			<PrivateCode>tfl-31-TRS-_-y05-15-29-TA</PrivateCode>
			<Operational>
				<VehicleType>
					<VehicleTypeCode>RTA</VehicleTypeCode>
					<Description>River Tours Acessible</Description>
				</VehicleType>
			</Operational>
			<VehicleJourneyCode>VJ_31-TRS-_-y05-15-29-TA</VehicleJourneyCode>
			<ServiceRef>31-TRS-_-y05-15</ServiceRef>
			<LineRef>31-TRS-_-y05-15</LineRef>
			<JourneyPatternRef>JP_31-TRS-_-y05-15-5-I-6</JourneyPatternRef>
			<DepartureTime>18:35:00</DepartureTime>
		</VehicleJourney>
		<VehicleJourney>
			<PrivateCode>tfl-31-TRS-_-y05-15-32-TA</PrivateCode>
			<Operational>
				<VehicleType>
					<VehicleTypeCode>RTA</VehicleTypeCode>
					<Description>River Tours Acessible</Description>
				</VehicleType>
			</Operational>
			<VehicleJourneyCode>VJ_31-TRS-_-y05-15-32-TA</VehicleJourneyCode>
			<ServiceRef>31-TRS-_-y05-15</ServiceRef>
			<LineRef>31-TRS-_-y05-15</LineRef>
			<JourneyPatternRef>JP_31-TRS-_-y05-15-1-I-1</JourneyPatternRef>
			<DepartureTime>11:00:00</DepartureTime>
		</VehicleJourney>
		<VehicleJourney>
			<PrivateCode>tfl-31-TRS-_-y05-15-52-TA</PrivateCode>
			<Operational>
				<VehicleType>
					<VehicleTypeCode>RTA</VehicleTypeCode>
					<Description>River Tours Acessible</Description>
				</VehicleType>
			</Operational>
			<VehicleJourneyCode>VJ_31-TRS-_-y05-15-52-TA</VehicleJourneyCode>
			<ServiceRef>31-TRS-_-y05-15</ServiceRef>
			<LineRef>31-TRS-_-y05-15</LineRef>
			<JourneyPatternRef>JP_31-TRS-_-y05-15-9-O-4</JourneyPatternRef>
			<DepartureTime>10:00:00</DepartureTime>
		</VehicleJourney>
	</VehicleJourneys>
</TransXChange>