<?xml version="1.0" encoding="Windows-1252"?>
<TransXChange CreationDateTime="2019-06-18T08:56:16.2463766+01:00" ModificationDateTime="2019-06-18T08:56:16.2463766+01:00" Modification="new" FileName="tfl_33-RB5-_-y05-51896.xml" RevisionNumber="3" SchemaVersion="2.1" xml:lang="en" xsi:schemaLocation="http://www.transxchange.org.uk/ http://www.transxchange.org.uk/schema/2.1/TransXChange_general.xsd" xmlns:xsi="http://www.w3.org/2001/XMLSchema-instance" xmlns="http://www.transxchange.org.uk/">
	<NptgLocalities>
		<AnnotatedNptgLocalityRef>
			<NptgLocalityRef>N0077702</NptgLocalityRef>
			<LocalityName>North Greenwich</LocalityName>
		</AnnotatedNptgLocalityRef>
		<AnnotatedNptgLocalityRef>
			<NptgLocalityRef>E0034338</NptgLocalityRef>
			<LocalityName>Woolwich</LocalityName>
		</AnnotatedNptgLocalityRef>
	</NptgLocalities>
	<StopPoints>
		<StopPoint CreationDateTime="2016-02-16T00:00:00">
			<AtcoCode>9300MIL2</AtcoCode>
			<Descriptor>
				<CommonName>North Greenwich Pier</CommonName>
			</Descriptor>
			<Place>
				<NptgLocalityRef>N0077702</NptgLocalityRef>
				<Location Precision="1m">
					<Easting>539550</Easting>
					<Northing>180055</Northing>
				</Location>
			</Place>
			<StopClassification>
				<StopType>FBT</StopType>
				<OffStreet>
					<Ferry>
						<Berth />
					</Ferry>
				</OffStreet>
			</StopClassification>
			<AdministrativeAreaRef>000</AdministrativeAreaRef>
			<Notes>North Greenwich Pier</Notes>
		</StopPoint>
		<StopPoint CreationDateTime="2019-03-28T00:00:00">
			<AtcoCode>9300WAS1</AtcoCode>
			<Descriptor>
				<CommonName>Woolwich Royal Arsenal Pier</CommonName>
			</Descriptor>
			<Place>
				<NptgLocalityRef>E0034338</NptgLocalityRef>
				<Location Precision="1m">
					<Easting>543845</Easting>
					<Northing>179473</Northing>
				</Location>
			</Place>
			<StopClassification>
				<StopType>FBT</StopType>
				<OffStreet>
					<Ferry>
						<Berth />
					</Ferry>
				</OffStreet>
			</StopClassification>
			<AdministrativeAreaRef>000</AdministrativeAreaRef>
			<Notes>Woolwich Royal Arsenal Pier</Notes>
		</StopPoint>
	</StopPoints>
	<RouteSections>
		<RouteSection id="RS_33-RB5-_-y05-51896-O-1">
			<RouteLink id="RL_33-RB5-_-y05-51896-O-1-1">
				<From>
					<StopPointRef>9300MIL2</StopPointRef>
				</From>
				<To>
					<StopPointRef>9300WAS1</StopPointRef>
				</To>
				<Distance>4887</Distance>
				<Direction>outbound</Direction>
			</RouteLink>
		</RouteSection>
		<RouteSection id="RS_33-RB5-_-y05-51896-I-2">
			<RouteLink id="RL_33-RB5-_-y05-51896-I-2-1">
				<From>
					<StopPointRef>9300WAS1</StopPointRef>
				</From>
				<To>
					<StopPointRef>9300MIL2</StopPointRef>
				</To>
				<Distance>4886</Distance>
				<Direction>inbound</Direction>
			</RouteLink>
		</RouteSection>
	</RouteSections>
	<Routes>
		<Route id="R_33-RB5-_-y05-51896-O-1">
			<PrivateCode>R_33-RB5-_-y05-51896-O-1</PrivateCode>
			<Description>North Greenwich Pier - Woolwich Royal Arsenal Pier</Description>
			<RouteSectionRef>RS_33-RB5-_-y05-51896-O-1</RouteSectionRef>
		</Route>
		<Route id="R_33-RB5-_-y05-51896-I-2">
			<PrivateCode>R_33-RB5-_-y05-51896-I-2</PrivateCode>
			<Description>Woolwich Royal Arsenal Pier - North Greenwich Pier</Description>
			<RouteSectionRef>RS_33-RB5-_-y05-51896-I-2</RouteSectionRef>
		</Route>
	</Routes>
	<JourneyPatternSections>
		<JourneyPatternSection id="JPS_33-RB5-_-y05-51896-1-1-O">
			<JourneyPatternTimingLink id="JPL_33-RB5-_-y05-51896-1-O-1-2">
				<From SequenceNumber="1">
					<Activity>pickUp</Activity>
					<StopPointRef>9300MIL2</StopPointRef>
					<TimingStatus>PTP</TimingStatus>
				</From>
				<To SequenceNumber="2">
					<Activity>setDown</Activity>
					<StopPointRef>9300WAS1</StopPointRef>
					<TimingStatus>PTP</TimingStatus>
				</To>
				<RouteLinkRef>RL_33-RB5-_-y05-51896-O-1-1</RouteLinkRef>
				<RunTime>PT9M</RunTime>
			</JourneyPatternTimingLink>
		</JourneyPatternSection>
		<JourneyPatternSection id="JPS_33-RB5-_-y05-51896-2-2-I">
			<JourneyPatternTimingLink id="JPL_33-RB5-_-y05-51896-2-I-2-2">
				<From SequenceNumber="1">
					<Activity>pickUp</Activity>
					<StopPointRef>9300WAS1</StopPointRef>
					<TimingStatus>PTP</TimingStatus>
				</From>
				<To SequenceNumber="2">
					<Activity>setDown</Activity>
					<StopPointRef>9300MIL2</StopPointRef>
					<TimingStatus>PTP</TimingStatus>
				</To>
				<RouteLinkRef>RL_33-RB5-_-y05-51896-I-2-1</RouteLinkRef>
				<RunTime>PT10M</RunTime>
			</JourneyPatternTimingLink>
		</JourneyPatternSection>
	</JourneyPatternSections>
	<Operators>
		<Operator id="OId_CV">
			<OperatorCode>CV</OperatorCode>
			<OperatorShortName>MBNA THAMES CLIPPERS</OperatorShortName>
			<OperatorNameOnLicence>MBNA THAMES CLIPPERS</OperatorNameOnLicence>
			<TradingName>MBNA THAMES CLIPPERS</TradingName>
		</Operator>
	</Operators>
	<Services>
		<Service>
			<ServiceCode>33-RB5-_-y05-51896</ServiceCode>
			<PrivateCode>33-RB5-_-y05-51896</PrivateCode>
			<Lines>
				<Line id="33-RB5-_-y05-51896">
					<LineName>RB5</LineName>
				</Line>
			</Lines>
			<OperatingPeriod>
				<StartDate>2019-06-15</StartDate>
				<EndDate>2019-12-22</EndDate>
			</OperatingPeriod>
			<OperatingProfile>
				<RegularDayType>
					<DaysOfWeek>
						<Weekend />
					</DaysOfWeek>
				</RegularDayType>
				<BankHolidayOperation>
					<DaysOfOperation>
						<AllBankHolidays />
					</DaysOfOperation>
					<DaysOfNonOperation />
				</BankHolidayOperation>
			</OperatingProfile>
			<RegisteredOperatorRef>OId_CV</RegisteredOperatorRef>
			<StopRequirements>
				<NoNewStopsRequired />
			</StopRequirements>
			<Mode>ferry</Mode>
			<Description>North Greenwich - Royal Arsenal Woolwich</Description>
			<StandardService>
				<Origin>North Greenwich Pier</Origin>
				<Destination>Woolwich Royal Arsenal Pier</Destination>
				<JourneyPattern id="JP_33-RB5-_-y05-51896-1-O-1">
					<Direction>outbound</Direction>
					<Operational>
						<VehicleType>
							<VehicleTypeCode>FE</VehicleTypeCode>
							<Description>Ferry</Description>
						</VehicleType>
					</Operational>
					<RouteRef>R_33-RB5-_-y05-51896-O-1</RouteRef>
					<JourneyPatternSectionRefs>JPS_33-RB5-_-y05-51896-1-1-O</JourneyPatternSectionRefs>
				</JourneyPattern>
				<JourneyPattern id="JP_33-RB5-_-y05-51896-2-I-2">
					<Direction>inbound</Direction>
					<Operational>
						<VehicleType>
							<VehicleTypeCode>FE</VehicleTypeCode>
							<Description>Ferry</Description>
						</VehicleType>
					</Operational>
					<RouteRef>R_33-RB5-_-y05-51896-I-2</RouteRef>
					<JourneyPatternSectionRefs>JPS_33-RB5-_-y05-51896-2-2-I</JourneyPatternSectionRefs>
				</JourneyPattern>
			</StandardService>
		</Service>
	</Services>
	<VehicleJourneys>
		<VehicleJourney>
			<PrivateCode>tfl-33-RB5-_-y05-51896-1-T4</PrivateCode>
			<Operational>
				<VehicleType>
					<VehicleTypeCode>FE</VehicleTypeCode>
					<Description>Ferry</Description>
				</VehicleType>
			</Operational>
			<VehicleJourneyCode>VJ_33-RB5-_-y05-51896-1-T4</VehicleJourneyCode>
			<ServiceRef>33-RB5-_-y05-51896</ServiceRef>
			<LineRef>33-RB5-_-y05-51896</LineRef>
			<JourneyPatternRef>JP_33-RB5-_-y05-51896-1-O-1</JourneyPatternRef>
			<DepartureTime>11:00:00</DepartureTime>
		</VehicleJourney>
		<VehicleJourney>
			<PrivateCode>tfl-33-RB5-_-y05-51896-2-T4</PrivateCode>
			<Operational>
				<VehicleType>
					<VehicleTypeCode>FE</VehicleTypeCode>
					<Description>Ferry</Description>
				</VehicleType>
			</Operational>
			<VehicleJourneyCode>VJ_33-RB5-_-y05-51896-2-T4</VehicleJourneyCode>
			<ServiceRef>33-RB5-_-y05-51896</ServiceRef>
			<LineRef>33-RB5-_-y05-51896</LineRef>
			<JourneyPatternRef>JP_33-RB5-_-y05-51896-2-I-2</JourneyPatternRef>
			<DepartureTime>11:15:00</DepartureTime>
		</VehicleJourney>
		<VehicleJourney>
			<PrivateCode>tfl-33-RB5-_-y05-51896-3-T4</PrivateCode>
			<Operational>
				<VehicleType>
					<VehicleTypeCode>FE</VehicleTypeCode>
					<Description>Ferry</Description>
				</VehicleType>
			</Operational>
			<VehicleJourneyCode>VJ_33-RB5-_-y05-51896-3-T4</VehicleJourneyCode>
			<ServiceRef>33-RB5-_-y05-51896</ServiceRef>
			<LineRef>33-RB5-_-y05-51896</LineRef>
			<JourneyPatternRef>JP_33-RB5-_-y05-51896-1-O-1</JourneyPatternRef>
			<DepartureTime>11:30:00</DepartureTime>
		</VehicleJourney>
		<VehicleJourney>
			<PrivateCode>tfl-33-RB5-_-y05-51896-4-T4</PrivateCode>
			<Operational>
				<VehicleType>
					<VehicleTypeCode>FE</VehicleTypeCode>
					<Description>Ferry</Description>
				</VehicleType>
			</Operational>
			<VehicleJourneyCode>VJ_33-RB5-_-y05-51896-4-T4</VehicleJourneyCode>
			<ServiceRef>33-RB5-_-y05-51896</ServiceRef>
			<LineRef>33-RB5-_-y05-51896</LineRef>
			<JourneyPatternRef>JP_33-RB5-_-y05-51896-2-I-2</JourneyPatternRef>
			<DepartureTime>11:45:00</DepartureTime>
		</VehicleJourney>
		<VehicleJourney>
			<PrivateCode>tfl-33-RB5-_-y05-51896-5-T4</PrivateCode>
			<Operational>
				<VehicleType>
					<VehicleTypeCode>FE</VehicleTypeCode>
					<Description>Ferry</Description>
				</VehicleType>
			</Operational>
			<VehicleJourneyCode>VJ_33-RB5-_-y05-51896-5-T4</VehicleJourneyCode>
			<ServiceRef>33-RB5-_-y05-51896</ServiceRef>
			<LineRef>33-RB5-_-y05-51896</LineRef>
			<JourneyPatternRef>JP_33-RB5-_-y05-51896-1-O-1</JourneyPatternRef>
			<DepartureTime>12:00:00</DepartureTime>
		</VehicleJourney>
		<VehicleJourney>
			<PrivateCode>tfl-33-RB5-_-y05-51896-6-T4</PrivateCode>
			<Operational>
				<VehicleType>
					<VehicleTypeCode>FE</VehicleTypeCode>
					<Description>Ferry</Description>
				</VehicleType>
			</Operational>
			<VehicleJourneyCode>VJ_33-RB5-_-y05-51896-6-T4</VehicleJourneyCode>
			<ServiceRef>33-RB5-_-y05-51896</ServiceRef>
			<LineRef>33-RB5-_-y05-51896</LineRef>
			<JourneyPatternRef>JP_33-RB5-_-y05-51896-2-I-2</JourneyPatternRef>
			<DepartureTime>12:15:00</DepartureTime>
		</VehicleJourney>
		<VehicleJourney>
			<PrivateCode>tfl-33-RB5-_-y05-51896-7-T4</PrivateCode>
			<Operational>
				<VehicleType>
					<VehicleTypeCode>FE</VehicleTypeCode>
					<Description>Ferry</Description>
				</VehicleType>
			</Operational>
			<VehicleJourneyCode>VJ_33-RB5-_-y05-51896-7-T4</VehicleJourneyCode>
			<ServiceRef>33-RB5-_-y05-51896</ServiceRef>
			<LineRef>33-RB5-_-y05-51896</LineRef>
			<JourneyPatternRef>JP_33-RB5-_-y05-51896-1-O-1</JourneyPatternRef>
			<DepartureTime>12:30:00</DepartureTime>
		</VehicleJourney>
		<VehicleJourney>
			<PrivateCode>tfl-33-RB5-_-y05-51896-8-T4</PrivateCode>
			<Operational>
				<VehicleType>
					<VehicleTypeCode>FE</VehicleTypeCode>
					<Description>Ferry</Description>
				</VehicleType>
			</Operational>
			<VehicleJourneyCode>VJ_33-RB5-_-y05-51896-8-T4</VehicleJourneyCode>
			<ServiceRef>33-RB5-_-y05-51896</ServiceRef>
			<LineRef>33-RB5-_-y05-51896</LineRef>
			<JourneyPatternRef>JP_33-RB5-_-y05-51896-2-I-2</JourneyPatternRef>
			<DepartureTime>12:45:00</DepartureTime>
		</VehicleJourney>
		<VehicleJourney>
			<PrivateCode>tfl-33-RB5-_-y05-51896-9-T4</PrivateCode>
			<Operational>
				<VehicleType>
					<VehicleTypeCode>FE</VehicleTypeCode>
					<Description>Ferry</Description>
				</VehicleType>
			</Operational>
			<VehicleJourneyCode>VJ_33-RB5-_-y05-51896-9-T4</VehicleJourneyCode>
			<ServiceRef>33-RB5-_-y05-51896</ServiceRef>
			<LineRef>33-RB5-_-y05-51896</LineRef>
			<JourneyPatternRef>JP_33-RB5-_-y05-51896-1-O-1</JourneyPatternRef>
			<DepartureTime>13:00:00</DepartureTime>
		</VehicleJourney>
		<VehicleJourney>
			<PrivateCode>tfl-33-RB5-_-y05-51896-10-T4</PrivateCode>
			<Operational>
				<VehicleType>
					<VehicleTypeCode>FE</VehicleTypeCode>
					<Description>Ferry</Description>
				</VehicleType>
			</Operational>
			<VehicleJourneyCode>VJ_33-RB5-_-y05-51896-10-T4</VehicleJourneyCode>
			<ServiceRef>33-RB5-_-y05-51896</ServiceRef>
			<LineRef>33-RB5-_-y05-51896</LineRef>
			<JourneyPatternRef>JP_33-RB5-_-y05-51896-2-I-2</JourneyPatternRef>
			<DepartureTime>13:15:00</DepartureTime>
		</VehicleJourney>
		<VehicleJourney>
			<PrivateCode>tfl-33-RB5-_-y05-51896-11-T4</PrivateCode>
			<Operational>
				<VehicleType>
					<VehicleTypeCode>FE</VehicleTypeCode>
					<Description>Ferry</Description>
				</VehicleType>
			</Operational>
			<VehicleJourneyCode>VJ_33-RB5-_-y05-51896-11-T4</VehicleJourneyCode>
			<ServiceRef>33-RB5-_-y05-51896</ServiceRef>
			<LineRef>33-RB5-_-y05-51896</LineRef>
			<JourneyPatternRef>JP_33-RB5-_-y05-51896-1-O-1</JourneyPatternRef>
			<DepartureTime>13:30:00</DepartureTime>
		</VehicleJourney>
		<VehicleJourney>
			<PrivateCode>tfl-33-RB5-_-y05-51896-12-T4</PrivateCode>
			<Operational>
				<VehicleType>
					<VehicleTypeCode>FE</VehicleTypeCode>
					<Description>Ferry</Description>
				</VehicleType>
			</Operational>
			<VehicleJourneyCode>VJ_33-RB5-_-y05-51896-12-T4</VehicleJourneyCode>
			<ServiceRef>33-RB5-_-y05-51896</ServiceRef>
			<LineRef>33-RB5-_-y05-51896</LineRef>
			<JourneyPatternRef>JP_33-RB5-_-y05-51896-2-I-2</JourneyPatternRef>
			<DepartureTime>13:45:00</DepartureTime>
		</VehicleJourney>
		<VehicleJourney>
			<PrivateCode>tfl-33-RB5-_-y05-51896-13-T4</PrivateCode>
			<Operational>
				<VehicleType>
					<VehicleTypeCode>FE</VehicleTypeCode>
					<Description>Ferry</Description>
				</VehicleType>
			</Operational>
			<VehicleJourneyCode>VJ_33-RB5-_-y05-51896-13-T4</VehicleJourneyCode>
			<ServiceRef>33-RB5-_-y05-51896</ServiceRef>
			<LineRef>33-RB5-_-y05-51896</LineRef>
			<JourneyPatternRef>JP_33-RB5-_-y05-51896-1-O-1</JourneyPatternRef>
			<DepartureTime>14:00:00</DepartureTime>
		</VehicleJourney>
		<VehicleJourney>
			<PrivateCode>tfl-33-RB5-_-y05-51896-14-T4</PrivateCode>
			<Operational>
				<VehicleType>
					<VehicleTypeCode>FE</VehicleTypeCode>
					<Description>Ferry</Description>
				</VehicleType>
			</Operational>
			<VehicleJourneyCode>VJ_33-RB5-_-y05-51896-14-T4</VehicleJourneyCode>
			<ServiceRef>33-RB5-_-y05-51896</ServiceRef>
			<LineRef>33-RB5-_-y05-51896</LineRef>
			<JourneyPatternRef>JP_33-RB5-_-y05-51896-2-I-2</JourneyPatternRef>
			<DepartureTime>14:15:00</DepartureTime>
		</VehicleJourney>
		<VehicleJourney>
			<PrivateCode>tfl-33-RB5-_-y05-51896-15-T4</PrivateCode>
			<Operational>
				<VehicleType>
					<VehicleTypeCode>FE</VehicleTypeCode>
					<Description>Ferry</Description>
				</VehicleType>
			</Operational>
			<VehicleJourneyCode>VJ_33-RB5-_-y05-51896-15-T4</VehicleJourneyCode>
			<ServiceRef>33-RB5-_-y05-51896</ServiceRef>
			<LineRef>33-RB5-_-y05-51896</LineRef>
			<JourneyPatternRef>JP_33-RB5-_-y05-51896-1-O-1</JourneyPatternRef>
			<DepartureTime>14:30:00</DepartureTime>
		</VehicleJourney>
		<VehicleJourney>
			<PrivateCode>tfl-33-RB5-_-y05-51896-16-T4</PrivateCode>
			<Operational>
				<VehicleType>
					<VehicleTypeCode>FE</VehicleTypeCode>
					<Description>Ferry</Description>
				</VehicleType>
			</Operational>
			<VehicleJourneyCode>VJ_33-RB5-_-y05-51896-16-T4</VehicleJourneyCode>
			<ServiceRef>33-RB5-_-y05-51896</ServiceRef>
			<LineRef>33-RB5-_-y05-51896</LineRef>
			<JourneyPatternRef>JP_33-RB5-_-y05-51896-2-I-2</JourneyPatternRef>
			<DepartureTime>14:45:00</DepartureTime>
		</VehicleJourney>
		<VehicleJourney>
			<PrivateCode>tfl-33-RB5-_-y05-51896-17-T4</PrivateCode>
			<Operational>
				<VehicleType>
					<VehicleTypeCode>FE</VehicleTypeCode>
					<Description>Ferry</Description>
				</VehicleType>
			</Operational>
			<VehicleJourneyCode>VJ_33-RB5-_-y05-51896-17-T4</VehicleJourneyCode>
			<ServiceRef>33-RB5-_-y05-51896</ServiceRef>
			<LineRef>33-RB5-_-y05-51896</LineRef>
			<JourneyPatternRef>JP_33-RB5-_-y05-51896-1-O-1</JourneyPatternRef>
			<DepartureTime>15:00:00</DepartureTime>
		</VehicleJourney>
		<VehicleJourney>
			<PrivateCode>tfl-33-RB5-_-y05-51896-18-T4</PrivateCode>
			<Operational>
				<VehicleType>
					<VehicleTypeCode>FE</VehicleTypeCode>
					<Description>Ferry</Description>
				</VehicleType>
			</Operational>
			<VehicleJourneyCode>VJ_33-RB5-_-y05-51896-18-T4</VehicleJourneyCode>
			<ServiceRef>33-RB5-_-y05-51896</ServiceRef>
			<LineRef>33-RB5-_-y05-51896</LineRef>
			<JourneyPatternRef>JP_33-RB5-_-y05-51896-2-I-2</JourneyPatternRef>
			<DepartureTime>15:15:00</DepartureTime>
		</VehicleJourney>
		<VehicleJourney>
			<PrivateCode>tfl-33-RB5-_-y05-51896-19-T4</PrivateCode>
			<Operational>
				<VehicleType>
					<VehicleTypeCode>FE</VehicleTypeCode>
					<Description>Ferry</Description>
				</VehicleType>
			</Operational>
			<VehicleJourneyCode>VJ_33-RB5-_-y05-51896-19-T4</VehicleJourneyCode>
			<ServiceRef>33-RB5-_-y05-51896</ServiceRef>
			<LineRef>33-RB5-_-y05-51896</LineRef>
			<JourneyPatternRef>JP_33-RB5-_-y05-51896-1-O-1</JourneyPatternRef>
			<DepartureTime>15:30:00</DepartureTime>
		</VehicleJourney>
		<VehicleJourney>
			<PrivateCode>tfl-33-RB5-_-y05-51896-20-T4</PrivateCode>
			<Operational>
				<VehicleType>
					<VehicleTypeCode>FE</VehicleTypeCode>
					<Description>Ferry</Description>
				</VehicleType>
			</Operational>
			<VehicleJourneyCode>VJ_33-RB5-_-y05-51896-20-T4</VehicleJourneyCode>
			<ServiceRef>33-RB5-_-y05-51896</ServiceRef>
			<LineRef>33-RB5-_-y05-51896</LineRef>
			<JourneyPatternRef>JP_33-RB5-_-y05-51896-2-I-2</JourneyPatternRef>
			<DepartureTime>15:45:00</DepartureTime>
		</VehicleJourney>
		<VehicleJourney>
			<PrivateCode>tfl-33-RB5-_-y05-51896-21-T4</PrivateCode>
			<Operational>
				<VehicleType>
					<VehicleTypeCode>FE</VehicleTypeCode>
					<Description>Ferry</Description>
				</VehicleType>
			</Operational>
			<VehicleJourneyCode>VJ_33-RB5-_-y05-51896-21-T4</VehicleJourneyCode>
			<ServiceRef>33-RB5-_-y05-51896</ServiceRef>
			<LineRef>33-RB5-_-y05-51896</LineRef>
			<JourneyPatternRef>JP_33-RB5-_-y05-51896-1-O-1</JourneyPatternRef>
			<DepartureTime>16:00:00</DepartureTime>
		</VehicleJourney>
		<VehicleJourney>
			<PrivateCode>tfl-33-RB5-_-y05-51896-22-T4</PrivateCode>
			<Operational>
				<VehicleType>
					<VehicleTypeCode>FE</VehicleTypeCode>
					<Description>Ferry</Description>
				</VehicleType>
			</Operational>
			<VehicleJourneyCode>VJ_33-RB5-_-y05-51896-22-T4</VehicleJourneyCode>
			<ServiceRef>33-RB5-_-y05-51896</ServiceRef>
			<LineRef>33-RB5-_-y05-51896</LineRef>
			<JourneyPatternRef>JP_33-RB5-_-y05-51896-2-I-2</JourneyPatternRef>
			<DepartureTime>16:15:00</DepartureTime>
		</VehicleJourney>
		<VehicleJourney>
			<PrivateCode>tfl-33-RB5-_-y05-51896-23-T4</PrivateCode>
			<Operational>
				<VehicleType>
					<VehicleTypeCode>FE</VehicleTypeCode>
					<Description>Ferry</Description>
				</VehicleType>
			</Operational>
			<VehicleJourneyCode>VJ_33-RB5-_-y05-51896-23-T4</VehicleJourneyCode>
			<ServiceRef>33-RB5-_-y05-51896</ServiceRef>
			<LineRef>33-RB5-_-y05-51896</LineRef>
			<JourneyPatternRef>JP_33-RB5-_-y05-51896-1-O-1</JourneyPatternRef>
			<DepartureTime>16:30:00</DepartureTime>
		</VehicleJourney>
		<VehicleJourney>
			<PrivateCode>tfl-33-RB5-_-y05-51896-24-T4</PrivateCode>
			<Operational>
				<VehicleType>
					<VehicleTypeCode>FE</VehicleTypeCode>
					<Description>Ferry</Description>
				</VehicleType>
			</Operational>
			<VehicleJourneyCode>VJ_33-RB5-_-y05-51896-24-T4</VehicleJourneyCode>
			<ServiceRef>33-RB5-_-y05-51896</ServiceRef>
			<LineRef>33-RB5-_-y05-51896</LineRef>
			<JourneyPatternRef>JP_33-RB5-_-y05-51896-2-I-2</JourneyPatternRef>
			<DepartureTime>16:45:00</DepartureTime>
		</VehicleJourney>
		<VehicleJourney>
			<PrivateCode>tfl-33-RB5-_-y05-51896-25-T4</PrivateCode>
			<Operational>
				<VehicleType>
					<VehicleTypeCode>FE</VehicleTypeCode>
					<Description>Ferry</Description>
				</VehicleType>
			</Operational>
			<VehicleJourneyCode>VJ_33-RB5-_-y05-51896-25-T4</VehicleJourneyCode>
			<ServiceRef>33-RB5-_-y05-51896</ServiceRef>
			<LineRef>33-RB5-_-y05-51896</LineRef>
			<JourneyPatternRef>JP_33-RB5-_-y05-51896-1-O-1</JourneyPatternRef>
			<DepartureTime>17:00:00</DepartureTime>
		</VehicleJourney>
		<VehicleJourney>
			<PrivateCode>tfl-33-RB5-_-y05-51896-26-T4</PrivateCode>
			<Operational>
				<VehicleType>
					<VehicleTypeCode>FE</VehicleTypeCode>
					<Description>Ferry</Description>
				</VehicleType>
			</Operational>
			<VehicleJourneyCode>VJ_33-RB5-_-y05-51896-26-T4</VehicleJourneyCode>
			<ServiceRef>33-RB5-_-y05-51896</ServiceRef>
			<LineRef>33-RB5-_-y05-51896</LineRef>
			<JourneyPatternRef>JP_33-RB5-_-y05-51896-2-I-2</JourneyPatternRef>
			<DepartureTime>17:15:00</DepartureTime>
		</VehicleJourney>
		<VehicleJourney>
			<PrivateCode>tfl-33-RB5-_-y05-51896-27-T4</PrivateCode>
			<Operational>
				<VehicleType>
					<VehicleTypeCode>FE</VehicleTypeCode>
					<Description>Ferry</Description>
				</VehicleType>
			</Operational>
			<VehicleJourneyCode>VJ_33-RB5-_-y05-51896-27-T4</VehicleJourneyCode>
			<ServiceRef>33-RB5-_-y05-51896</ServiceRef>
			<LineRef>33-RB5-_-y05-51896</LineRef>
			<JourneyPatternRef>JP_33-RB5-_-y05-51896-1-O-1</JourneyPatternRef>
			<DepartureTime>17:30:00</DepartureTime>
		</VehicleJourney>
		<VehicleJourney>
			<PrivateCode>tfl-33-RB5-_-y05-51896-28-T4</PrivateCode>
			<Operational>
				<VehicleType>
					<VehicleTypeCode>FE</VehicleTypeCode>
					<Description>Ferry</Description>
				</VehicleType>
			</Operational>
			<VehicleJourneyCode>VJ_33-RB5-_-y05-51896-28-T4</VehicleJourneyCode>
			<ServiceRef>33-RB5-_-y05-51896</ServiceRef>
			<LineRef>33-RB5-_-y05-51896</LineRef>
			<JourneyPatternRef>JP_33-RB5-_-y05-51896-2-I-2</JourneyPatternRef>
			<DepartureTime>17:45:00</DepartureTime>
		</VehicleJourney>
		<VehicleJourney>
			<PrivateCode>tfl-33-RB5-_-y05-51896-29-T4</PrivateCode>
			<Operational>
				<VehicleType>
					<VehicleTypeCode>FE</VehicleTypeCode>
					<Description>Ferry</Description>
				</VehicleType>
			</Operational>
			<VehicleJourneyCode>VJ_33-RB5-_-y05-51896-29-T4</VehicleJourneyCode>
			<ServiceRef>33-RB5-_-y05-51896</ServiceRef>
			<LineRef>33-RB5-_-y05-51896</LineRef>
			<JourneyPatternRef>JP_33-RB5-_-y05-51896-1-O-1</JourneyPatternRef>
			<DepartureTime>18:00:00</DepartureTime>
		</VehicleJourney>
		<VehicleJourney>
			<PrivateCode>tfl-33-RB5-_-y05-51896-30-T4</PrivateCode>
			<Operational>
				<VehicleType>
					<VehicleTypeCode>FE</VehicleTypeCode>
					<Description>Ferry</Description>
				</VehicleType>
			</Operational>
			<VehicleJourneyCode>VJ_33-RB5-_-y05-51896-30-T4</VehicleJourneyCode>
			<ServiceRef>33-RB5-_-y05-51896</ServiceRef>
			<LineRef>33-RB5-_-y05-51896</LineRef>
			<JourneyPatternRef>JP_33-RB5-_-y05-51896-2-I-2</JourneyPatternRef>
			<DepartureTime>18:15:00</DepartureTime>
		</VehicleJourney>
		<VehicleJourney>
			<PrivateCode>tfl-33-RB5-_-y05-51896-31-T4</PrivateCode>
			<Operational>
				<VehicleType>
					<VehicleTypeCode>FE</VehicleTypeCode>
					<Description>Ferry</Description>
				</VehicleType>
			</Operational>
			<VehicleJourneyCode>VJ_33-RB5-_-y05-51896-31-T4</VehicleJourneyCode>
			<ServiceRef>33-RB5-_-y05-51896</ServiceRef>
			<LineRef>33-RB5-_-y05-51896</LineRef>
			<JourneyPatternRef>JP_33-RB5-_-y05-51896-1-O-1</JourneyPatternRef>
			<DepartureTime>18:30:00</DepartureTime>
		</VehicleJourney>
		<VehicleJourney>
			<PrivateCode>tfl-33-RB5-_-y05-51896-32-T4</PrivateCode>
			<Operational>
				<VehicleType>
					<VehicleTypeCode>FE</VehicleTypeCode>
					<Description>Ferry</Description>
				</VehicleType>
			</Operational>
			<VehicleJourneyCode>VJ_33-RB5-_-y05-51896-32-T4</VehicleJourneyCode>
			<ServiceRef>33-RB5-_-y05-51896</ServiceRef>
			<LineRef>33-RB5-_-y05-51896</LineRef>
			<JourneyPatternRef>JP_33-RB5-_-y05-51896-2-I-2</JourneyPatternRef>
			<DepartureTime>18:45:00</DepartureTime>
		</VehicleJourney>
		<VehicleJourney>
			<PrivateCode>tfl-33-RB5-_-y05-51896-33-T4</PrivateCode>
			<Operational>
				<VehicleType>
					<VehicleTypeCode>FE</VehicleTypeCode>
					<Description>Ferry</Description>
				</VehicleType>
			</Operational>
			<VehicleJourneyCode>VJ_33-RB5-_-y05-51896-33-T4</VehicleJourneyCode>
			<ServiceRef>33-RB5-_-y05-51896</ServiceRef>
			<LineRef>33-RB5-_-y05-51896</LineRef>
			<JourneyPatternRef>JP_33-RB5-_-y05-51896-1-O-1</JourneyPatternRef>
			<DepartureTime>19:00:00</DepartureTime>
		</VehicleJourney>
		<VehicleJourney>
			<PrivateCode>tfl-33-RB5-_-y05-51896-34-T4</PrivateCode>
			<Operational>
				<VehicleType>
					<VehicleTypeCode>FE</VehicleTypeCode>
					<Description>Ferry</Description>
				</VehicleType>
			</Operational>
			<VehicleJourneyCode>VJ_33-RB5-_-y05-51896-34-T4</VehicleJourneyCode>
			<ServiceRef>33-RB5-_-y05-51896</ServiceRef>
			<LineRef>33-RB5-_-y05-51896</LineRef>
			<JourneyPatternRef>JP_33-RB5-_-y05-51896-2-I-2</JourneyPatternRef>
			<DepartureTime>19:15:00</DepartureTime>
		</VehicleJourney>
	</VehicleJourneys>
</TransXChange>