<?xml version="1.0" encoding="Windows-1252"?>
<TransXChange CreationDateTime="2019-06-18T08:56:14.6240078+01:00" ModificationDateTime="2019-06-18T08:56:14.6240078+01:00" Modification="new" FileName="tfl_33-B1X-R-y05-51843.xml" RevisionNumber="3" SchemaVersion="2.1" xml:lang="en" xsi:schemaLocation="http://www.transxchange.org.uk/ http://www.transxchange.org.uk/schema/2.1/TransXChange_general.xsd" xmlns:xsi="http://www.w3.org/2001/XMLSchema-instance" xmlns="http://www.transxchange.org.uk/">
	<NptgLocalities>
		<AnnotatedNptgLocalityRef>
			<NptgLocalityRef>E0034961</NptgLocalityRef>
			<LocalityName>Westminster</LocalityName>
		</AnnotatedNptgLocalityRef>
		<AnnotatedNptgLocalityRef>
			<NptgLocalityRef>E0034649</NptgLocalityRef>
			<LocalityName>Waterloo (London)</LocalityName>
		</AnnotatedNptgLocalityRef>
		<AnnotatedNptgLocalityRef>
			<NptgLocalityRef>N0060501</NptgLocalityRef>
			<LocalityName>Southwark</LocalityName>
		</AnnotatedNptgLocalityRef>
		<AnnotatedNptgLocalityRef>
			<NptgLocalityRef>N0077694</NptgLocalityRef>
			<LocalityName>London Bridge</LocalityName>
		</AnnotatedNptgLocalityRef>
		<AnnotatedNptgLocalityRef>
			<NptgLocalityRef>N0077729</NptgLocalityRef>
			<LocalityName>Tower Hill (London)</LocalityName>
		</AnnotatedNptgLocalityRef>
		<AnnotatedNptgLocalityRef>
			<NptgLocalityRef>E0034328</NptgLocalityRef>
			<LocalityName>Greenwich (London)</LocalityName>
		</AnnotatedNptgLocalityRef>
		<AnnotatedNptgLocalityRef>
			<NptgLocalityRef>N0077702</NptgLocalityRef>
			<LocalityName>North Greenwich</LocalityName>
		</AnnotatedNptgLocalityRef>
		<AnnotatedNptgLocalityRef>
			<NptgLocalityRef>N0077638</NptgLocalityRef>
			<LocalityName>Canary Wharf</LocalityName>
		</AnnotatedNptgLocalityRef>
		<AnnotatedNptgLocalityRef>
			<NptgLocalityRef>N0077659</NptgLocalityRef>
			<LocalityName>Embankment</LocalityName>
		</AnnotatedNptgLocalityRef>
	</NptgLocalities>
	<StopPoints>
		<StopPoint CreationDateTime="2016-04-19T00:00:00">
			<AtcoCode>9300WMR1</AtcoCode>
			<Descriptor>
				<CommonName>Westminster Pier</CommonName>
			</Descriptor>
			<Place>
				<NptgLocalityRef>E0034961</NptgLocalityRef>
				<Location Precision="1m">
					<Easting>530353</Easting>
					<Northing>179753</Northing>
				</Location>
			</Place>
			<StopClassification>
				<StopType>FBT</StopType>
				<OffStreet>
					<Ferry>
						<Berth />
					</Ferry>
				</OffStreet>
			</StopClassification>
			<AdministrativeAreaRef>000</AdministrativeAreaRef>
			<Notes>Westminster Pier</Notes>
		</StopPoint>
		<StopPoint CreationDateTime="2017-11-30T00:00:00">
			<AtcoCode>9300WMP1</AtcoCode>
			<Descriptor>
				<CommonName>London Eye Waterloo Pier</CommonName>
			</Descriptor>
			<Place>
				<NptgLocalityRef>E0034649</NptgLocalityRef>
				<Location Precision="1m">
					<Easting>530546</Easting>
					<Northing>179947</Northing>
				</Location>
			</Place>
			<StopClassification>
				<StopType>FBT</StopType>
				<OffStreet>
					<Ferry>
						<Berth />
					</Ferry>
				</OffStreet>
			</StopClassification>
			<AdministrativeAreaRef>000</AdministrativeAreaRef>
			<Notes>London Eye Waterloo Pier</Notes>
		</StopPoint>
		<StopPoint CreationDateTime="2016-04-06T00:00:00">
			<AtcoCode>9300SWK3</AtcoCode>
			<Descriptor>
				<CommonName>Bankside Pier</CommonName>
			</Descriptor>
			<Place>
				<NptgLocalityRef>N0060501</NptgLocalityRef>
				<Location Precision="1m">
					<Easting>532199</Easting>
					<Northing>180589</Northing>
				</Location>
			</Place>
			<StopClassification>
				<StopType>FBT</StopType>
				<OffStreet>
					<Ferry>
						<Berth />
					</Ferry>
				</OffStreet>
			</StopClassification>
			<AdministrativeAreaRef>000</AdministrativeAreaRef>
			<Notes>Bankside Pier</Notes>
		</StopPoint>
		<StopPoint CreationDateTime="2016-01-27T00:00:00">
			<AtcoCode>9300LBR1</AtcoCode>
			<Descriptor>
				<CommonName>London Bridge City Pier</CommonName>
			</Descriptor>
			<Place>
				<NptgLocalityRef>N0077694</NptgLocalityRef>
				<Location Precision="1m">
					<Easting>533012</Easting>
					<Northing>180407</Northing>
				</Location>
			</Place>
			<StopClassification>
				<StopType>FBT</StopType>
				<OffStreet>
					<Ferry>
						<Berth />
					</Ferry>
				</OffStreet>
			</StopClassification>
			<AdministrativeAreaRef>000</AdministrativeAreaRef>
			<Notes>London Bridge City Pier</Notes>
		</StopPoint>
		<StopPoint CreationDateTime="2016-04-13T00:00:00">
			<AtcoCode>9300TMP3</AtcoCode>
			<Descriptor>
				<CommonName>Tower Pier</CommonName>
			</Descriptor>
			<Place>
				<NptgLocalityRef>N0077729</NptgLocalityRef>
				<Location Precision="1m">
					<Easting>533460</Easting>
					<Northing>180443</Northing>
				</Location>
			</Place>
			<StopClassification>
				<StopType>FBT</StopType>
				<OffStreet>
					<Ferry>
						<Berth />
					</Ferry>
				</OffStreet>
			</StopClassification>
			<AdministrativeAreaRef>000</AdministrativeAreaRef>
			<Notes>Tower Pier</Notes>
		</StopPoint>
		<StopPoint CreationDateTime="2016-01-19T00:00:00">
			<AtcoCode>9300GNW2</AtcoCode>
			<Descriptor>
				<CommonName>Greenwich Pier</CommonName>
			</Descriptor>
			<Place>
				<NptgLocalityRef>E0034328</NptgLocalityRef>
				<Location Precision="1m">
					<Easting>538355</Easting>
					<Northing>178017</Northing>
				</Location>
			</Place>
			<StopClassification>
				<StopType>FBT</StopType>
				<OffStreet>
					<Ferry>
						<Berth />
					</Ferry>
				</OffStreet>
			</StopClassification>
			<AdministrativeAreaRef>000</AdministrativeAreaRef>
			<Notes>Greenwich Pier</Notes>
		</StopPoint>
		<StopPoint CreationDateTime="2016-02-16T00:00:00">
			<AtcoCode>9300MIL1</AtcoCode>
			<Descriptor>
				<CommonName>North Greenwich Pier</CommonName>
			</Descriptor>
			<Place>
				<NptgLocalityRef>N0077702</NptgLocalityRef>
				<Location Precision="1m">
					<Easting>539551</Easting>
					<Northing>180056</Northing>
				</Location>
			</Place>
			<StopClassification>
				<StopType>FBT</StopType>
				<OffStreet>
					<Ferry>
						<Berth />
					</Ferry>
				</OffStreet>
			</StopClassification>
			<AdministrativeAreaRef>000</AdministrativeAreaRef>
			<Notes>North Greenwich Pier</Notes>
		</StopPoint>
		<StopPoint CreationDateTime="2016-01-19T00:00:00">
			<AtcoCode>9300GNW1</AtcoCode>
			<Descriptor>
				<CommonName>Greenwich Pier</CommonName>
			</Descriptor>
			<Place>
				<NptgLocalityRef>E0034328</NptgLocalityRef>
				<Location Precision="1m">
					<Easting>538362</Easting>
					<Northing>178017</Northing>
				</Location>
			</Place>
			<StopClassification>
				<StopType>FBT</StopType>
				<OffStreet>
					<Ferry>
						<Berth />
					</Ferry>
				</OffStreet>
			</StopClassification>
			<AdministrativeAreaRef>000</AdministrativeAreaRef>
			<Notes>Greenwich Pier</Notes>
		</StopPoint>
		<StopPoint CreationDateTime="2016-03-18T00:00:00">
			<AtcoCode>9300CAW2</AtcoCode>
			<Descriptor>
				<CommonName>Canary Wharf Pier</CommonName>
			</Descriptor>
			<Place>
				<NptgLocalityRef>N0077638</NptgLocalityRef>
				<Location Precision="1m">
					<Easting>536911</Easting>
					<Northing>180306</Northing>
				</Location>
			</Place>
			<StopClassification>
				<StopType>FBT</StopType>
				<OffStreet>
					<Ferry>
						<Berth />
					</Ferry>
				</OffStreet>
			</StopClassification>
			<AdministrativeAreaRef>000</AdministrativeAreaRef>
			<Notes>Canary Wharf Pier</Notes>
		</StopPoint>
		<StopPoint CreationDateTime="2016-04-13T00:00:00">
			<AtcoCode>9300TMP1</AtcoCode>
			<Descriptor>
				<CommonName>Tower Pier</CommonName>
			</Descriptor>
			<Place>
				<NptgLocalityRef>N0077729</NptgLocalityRef>
				<Location Precision="1m">
					<Easting>533461</Easting>
					<Northing>180442</Northing>
				</Location>
			</Place>
			<StopClassification>
				<StopType>FBT</StopType>
				<OffStreet>
					<Ferry>
						<Berth />
					</Ferry>
				</OffStreet>
			</StopClassification>
			<AdministrativeAreaRef>000</AdministrativeAreaRef>
			<Notes>Tower Pier</Notes>
		</StopPoint>
		<StopPoint CreationDateTime="2016-03-18T00:00:00">
			<AtcoCode>9300EMB2</AtcoCode>
			<Descriptor>
				<CommonName>Embankment Pier</CommonName>
			</Descriptor>
			<Place>
				<NptgLocalityRef>N0077659</NptgLocalityRef>
				<Location Precision="1m">
					<Easting>530511</Easting>
					<Northing>180376</Northing>
				</Location>
			</Place>
			<StopClassification>
				<StopType>FBT</StopType>
				<OffStreet>
					<Ferry>
						<Berth />
					</Ferry>
				</OffStreet>
			</StopClassification>
			<AdministrativeAreaRef>000</AdministrativeAreaRef>
			<Notes>Embankment Pier</Notes>
		</StopPoint>
	</StopPoints>
	<RouteSections>
		<RouteSection id="RS_33-B1X-R-y05-51843-O-1">
			<RouteLink id="RL_33-B1X-R-y05-51843-O-1-1">
				<From>
					<StopPointRef>9300WMR1</StopPointRef>
				</From>
				<To>
					<StopPointRef>9300WMP1</StopPointRef>
				</To>
				<Distance>322</Distance>
				<Direction>outbound</Direction>
			</RouteLink>
			<RouteLink id="RL_33-B1X-R-y05-51843-O-1-2">
				<From>
					<StopPointRef>9300WMP1</StopPointRef>
				</From>
				<To>
					<StopPointRef>9300SWK3</StopPointRef>
				</To>
				<Distance>2290</Distance>
				<Direction>outbound</Direction>
			</RouteLink>
			<RouteLink id="RL_33-B1X-R-y05-51843-O-1-3">
				<From>
					<StopPointRef>9300SWK3</StopPointRef>
				</From>
				<To>
					<StopPointRef>9300LBR1</StopPointRef>
				</To>
				<Distance>968</Distance>
				<Direction>outbound</Direction>
			</RouteLink>
			<RouteLink id="RL_33-B1X-R-y05-51843-O-1-4">
				<From>
					<StopPointRef>9300LBR1</StopPointRef>
				</From>
				<To>
					<StopPointRef>9300TMP3</StopPointRef>
				</To>
				<Distance>461</Distance>
				<Direction>outbound</Direction>
			</RouteLink>
			<RouteLink id="RL_33-B1X-R-y05-51843-O-1-5">
				<From>
					<StopPointRef>9300TMP3</StopPointRef>
				</From>
				<To>
					<StopPointRef>9300GNW2</StopPointRef>
				</To>
				<Distance>7140</Distance>
				<Direction>outbound</Direction>
			</RouteLink>
			<RouteLink id="RL_33-B1X-R-y05-51843-O-1-6">
				<From>
					<StopPointRef>9300GNW2</StopPointRef>
				</From>
				<To>
					<StopPointRef>9300MIL1</StopPointRef>
				</To>
				<Distance>3831</Distance>
				<Direction>outbound</Direction>
			</RouteLink>
		</RouteSection>
		<RouteSection id="RS_33-B1X-R-y05-51843-O-2">
			<RouteLink id="RL_33-B1X-R-y05-51843-O-2-1">
				<From>
					<StopPointRef>9300WMR1</StopPointRef>
				</From>
				<To>
					<StopPointRef>9300WMP1</StopPointRef>
				</To>
				<Distance>322</Distance>
				<Direction>outbound</Direction>
			</RouteLink>
			<RouteLink id="RL_33-B1X-R-y05-51843-O-2-2">
				<From>
					<StopPointRef>9300WMP1</StopPointRef>
				</From>
				<To>
					<StopPointRef>9300LBR1</StopPointRef>
				</To>
				<Distance>3182</Distance>
				<Direction>outbound</Direction>
			</RouteLink>
			<RouteLink id="RL_33-B1X-R-y05-51843-O-2-3">
				<From>
					<StopPointRef>9300LBR1</StopPointRef>
				</From>
				<To>
					<StopPointRef>9300TMP3</StopPointRef>
				</To>
				<Distance>461</Distance>
				<Direction>outbound</Direction>
			</RouteLink>
			<RouteLink id="RL_33-B1X-R-y05-51843-O-2-4">
				<From>
					<StopPointRef>9300TMP3</StopPointRef>
				</From>
				<To>
					<StopPointRef>9300GNW2</StopPointRef>
				</To>
				<Distance>7140</Distance>
				<Direction>outbound</Direction>
			</RouteLink>
			<RouteLink id="RL_33-B1X-R-y05-51843-O-2-5">
				<From>
					<StopPointRef>9300GNW2</StopPointRef>
				</From>
				<To>
					<StopPointRef>9300MIL1</StopPointRef>
				</To>
				<Distance>3831</Distance>
				<Direction>outbound</Direction>
			</RouteLink>
		</RouteSection>
		<RouteSection id="RS_33-B1X-R-y05-51843-I-3">
			<RouteLink id="RL_33-B1X-R-y05-51843-I-3-1">
				<From>
					<StopPointRef>9300MIL1</StopPointRef>
				</From>
				<To>
					<StopPointRef>9300GNW1</StopPointRef>
				</To>
				<Distance>3951</Distance>
				<Direction>inbound</Direction>
			</RouteLink>
			<RouteLink id="RL_33-B1X-R-y05-51843-I-3-2">
				<From>
					<StopPointRef>9300GNW1</StopPointRef>
				</From>
				<To>
					<StopPointRef>9300CAW2</StopPointRef>
				</To>
				<Distance>3285</Distance>
				<Direction>inbound</Direction>
			</RouteLink>
			<RouteLink id="RL_33-B1X-R-y05-51843-I-3-3">
				<From>
					<StopPointRef>9300CAW2</StopPointRef>
				</From>
				<To>
					<StopPointRef>9300TMP1</StopPointRef>
				</To>
				<Distance>3962</Distance>
				<Direction>inbound</Direction>
			</RouteLink>
			<RouteLink id="RL_33-B1X-R-y05-51843-I-3-4">
				<From>
					<StopPointRef>9300TMP1</StopPointRef>
				</From>
				<To>
					<StopPointRef>9300LBR1</StopPointRef>
				</To>
				<Distance>473</Distance>
				<Direction>inbound</Direction>
			</RouteLink>
			<RouteLink id="RL_33-B1X-R-y05-51843-I-3-5">
				<From>
					<StopPointRef>9300LBR1</StopPointRef>
				</From>
				<To>
					<StopPointRef>9300EMB2</StopPointRef>
				</To>
				<Distance>2741</Distance>
				<Direction>inbound</Direction>
			</RouteLink>
			<RouteLink id="RL_33-B1X-R-y05-51843-I-3-6">
				<From>
					<StopPointRef>9300EMB2</StopPointRef>
				</From>
				<To>
					<StopPointRef>9300WMR1</StopPointRef>
				</To>
				<Distance>734</Distance>
				<Direction>inbound</Direction>
			</RouteLink>
		</RouteSection>
	</RouteSections>
	<Routes>
		<Route id="R_33-B1X-R-y05-51843-O-1">
			<PrivateCode>R_33-B1X-R-y05-51843-O-1</PrivateCode>
			<Description>Westminster Pier - North Greenwich Pier</Description>
			<RouteSectionRef>RS_33-B1X-R-y05-51843-O-1</RouteSectionRef>
		</Route>
		<Route id="R_33-B1X-R-y05-51843-O-2">
			<PrivateCode>R_33-B1X-R-y05-51843-O-2</PrivateCode>
			<Description>Westminster Pier - North Greenwich Pier</Description>
			<RouteSectionRef>RS_33-B1X-R-y05-51843-O-2</RouteSectionRef>
		</Route>
		<Route id="R_33-B1X-R-y05-51843-I-3">
			<PrivateCode>R_33-B1X-R-y05-51843-I-3</PrivateCode>
			<Description>North Greenwich Pier - Westminster Pier</Description>
			<RouteSectionRef>RS_33-B1X-R-y05-51843-I-3</RouteSectionRef>
		</Route>
	</Routes>
	<JourneyPatternSections>
		<JourneyPatternSection id="JPS_33-B1X-R-y05-51843-4-3-I">
			<JourneyPatternTimingLink id="JPL_33-B1X-R-y05-51843-4-I-3-2">
				<From SequenceNumber="1">
					<Activity>pickUp</Activity>
					<StopPointRef>9300MIL1</StopPointRef>
					<TimingStatus>PTP</TimingStatus>
				</From>
				<To SequenceNumber="2">
					<Activity>pickUpAndSetDown</Activity>
					<StopPointRef>9300GNW1</StopPointRef>
					<TimingStatus>PTP</TimingStatus>
				</To>
				<RouteLinkRef>RL_33-B1X-R-y05-51843-I-3-1</RouteLinkRef>
				<RunTime>PT10M</RunTime>
			</JourneyPatternTimingLink>
			<JourneyPatternTimingLink id="JPL_33-B1X-R-y05-51843-4-I-3-3">
				<From SequenceNumber="2">
					<Activity>pickUpAndSetDown</Activity>
					<StopPointRef>9300GNW1</StopPointRef>
					<TimingStatus>PTP</TimingStatus>
				</From>
				<To SequenceNumber="3">
					<Activity>pickUpAndSetDown</Activity>
					<StopPointRef>9300CAW2</StopPointRef>
					<TimingStatus>PTP</TimingStatus>
				</To>
				<RouteLinkRef>RL_33-B1X-R-y05-51843-I-3-2</RouteLinkRef>
				<RunTime>PT8M</RunTime>
			</JourneyPatternTimingLink>
			<JourneyPatternTimingLink id="JPL_33-B1X-R-y05-51843-4-I-3-4">
				<From SequenceNumber="3">
					<Activity>pickUpAndSetDown</Activity>
					<StopPointRef>9300CAW2</StopPointRef>
					<TimingStatus>PTP</TimingStatus>
				</From>
				<To SequenceNumber="4">
					<Activity>pickUpAndSetDown</Activity>
					<StopPointRef>9300TMP1</StopPointRef>
					<TimingStatus>PTP</TimingStatus>
				</To>
				<RouteLinkRef>RL_33-B1X-R-y05-51843-I-3-3</RouteLinkRef>
				<RunTime>PT11M</RunTime>
			</JourneyPatternTimingLink>
			<JourneyPatternTimingLink id="JPL_33-B1X-R-y05-51843-4-I-3-5">
				<From SequenceNumber="4">
					<Activity>pickUpAndSetDown</Activity>
					<StopPointRef>9300TMP1</StopPointRef>
					<TimingStatus>PTP</TimingStatus>
				</From>
				<To SequenceNumber="5">
					<Activity>pickUpAndSetDown</Activity>
					<StopPointRef>9300LBR1</StopPointRef>
					<TimingStatus>PTP</TimingStatus>
				</To>
				<RouteLinkRef>RL_33-B1X-R-y05-51843-I-3-4</RouteLinkRef>
				<RunTime>PT4M</RunTime>
			</JourneyPatternTimingLink>
			<JourneyPatternTimingLink id="JPL_33-B1X-R-y05-51843-4-I-3-6">
				<From SequenceNumber="5">
					<Activity>pickUpAndSetDown</Activity>
					<StopPointRef>9300LBR1</StopPointRef>
					<TimingStatus>PTP</TimingStatus>
				</From>
				<To SequenceNumber="6">
					<Activity>pickUpAndSetDown</Activity>
					<StopPointRef>9300EMB2</StopPointRef>
					<TimingStatus>PTP</TimingStatus>
				</To>
				<RouteLinkRef>RL_33-B1X-R-y05-51843-I-3-5</RouteLinkRef>
				<RunTime>PT13M</RunTime>
			</JourneyPatternTimingLink>
			<JourneyPatternTimingLink id="JPL_33-B1X-R-y05-51843-4-I-3-7">
				<From SequenceNumber="6">
					<Activity>pickUpAndSetDown</Activity>
					<StopPointRef>9300EMB2</StopPointRef>
					<TimingStatus>PTP</TimingStatus>
				</From>
				<To SequenceNumber="7">
					<Activity>setDown</Activity>
					<StopPointRef>9300WMR1</StopPointRef>
					<TimingStatus>PTP</TimingStatus>
				</To>
				<RouteLinkRef>RL_33-B1X-R-y05-51843-I-3-6</RouteLinkRef>
				<RunTime>PT4M</RunTime>
			</JourneyPatternTimingLink>
		</JourneyPatternSection>
		<JourneyPatternSection id="JPS_33-B1X-R-y05-51843-1-1-O">
			<JourneyPatternTimingLink id="JPL_33-B1X-R-y05-51843-1-O-1-2">
				<From SequenceNumber="1">
					<Activity>pickUp</Activity>
					<StopPointRef>9300WMR1</StopPointRef>
					<TimingStatus>PTP</TimingStatus>
				</From>
				<To SequenceNumber="2">
					<Activity>pickUpAndSetDown</Activity>
					<StopPointRef>9300WMP1</StopPointRef>
					<TimingStatus>PTP</TimingStatus>
				</To>
				<RouteLinkRef>RL_33-B1X-R-y05-51843-O-1-1</RouteLinkRef>
				<RunTime>PT5M</RunTime>
			</JourneyPatternTimingLink>
			<JourneyPatternTimingLink id="JPL_33-B1X-R-y05-51843-1-O-1-3">
				<From SequenceNumber="2">
					<Activity>pickUpAndSetDown</Activity>
					<StopPointRef>9300WMP1</StopPointRef>
					<TimingStatus>PTP</TimingStatus>
				</From>
				<To SequenceNumber="3">
					<Activity>pickUpAndSetDown</Activity>
					<StopPointRef>9300SWK3</StopPointRef>
					<TimingStatus>PTP</TimingStatus>
				</To>
				<RouteLinkRef>RL_33-B1X-R-y05-51843-O-1-2</RouteLinkRef>
				<RunTime>PT10M</RunTime>
			</JourneyPatternTimingLink>
			<JourneyPatternTimingLink id="JPL_33-B1X-R-y05-51843-1-O-1-4">
				<From SequenceNumber="3">
					<Activity>pickUpAndSetDown</Activity>
					<StopPointRef>9300SWK3</StopPointRef>
					<TimingStatus>PTP</TimingStatus>
				</From>
				<To SequenceNumber="4">
					<Activity>pickUpAndSetDown</Activity>
					<StopPointRef>9300LBR1</StopPointRef>
					<TimingStatus>PTP</TimingStatus>
				</To>
				<RouteLinkRef>RL_33-B1X-R-y05-51843-O-1-3</RouteLinkRef>
				<RunTime>PT4M</RunTime>
			</JourneyPatternTimingLink>
			<JourneyPatternTimingLink id="JPL_33-B1X-R-y05-51843-1-O-1-5">
				<From SequenceNumber="4">
					<Activity>pickUpAndSetDown</Activity>
					<StopPointRef>9300LBR1</StopPointRef>
					<TimingStatus>PTP</TimingStatus>
				</From>
				<To SequenceNumber="5">
					<Activity>pickUpAndSetDown</Activity>
					<StopPointRef>9300TMP3</StopPointRef>
					<TimingStatus>PTP</TimingStatus>
				</To>
				<RouteLinkRef>RL_33-B1X-R-y05-51843-O-1-4</RouteLinkRef>
				<RunTime>PT4M</RunTime>
			</JourneyPatternTimingLink>
			<JourneyPatternTimingLink id="JPL_33-B1X-R-y05-51843-1-O-1-6">
				<From SequenceNumber="5">
					<Activity>pickUpAndSetDown</Activity>
					<StopPointRef>9300TMP3</StopPointRef>
					<TimingStatus>PTP</TimingStatus>
				</From>
				<To SequenceNumber="6">
					<Activity>pickUpAndSetDown</Activity>
					<StopPointRef>9300GNW2</StopPointRef>
					<TimingStatus>PTP</TimingStatus>
				</To>
				<RouteLinkRef>RL_33-B1X-R-y05-51843-O-1-5</RouteLinkRef>
				<RunTime>PT17M</RunTime>
			</JourneyPatternTimingLink>
			<JourneyPatternTimingLink id="JPL_33-B1X-R-y05-51843-1-O-1-7">
				<From SequenceNumber="6">
					<Activity>pickUpAndSetDown</Activity>
					<StopPointRef>9300GNW2</StopPointRef>
					<TimingStatus>PTP</TimingStatus>
				</From>
				<To SequenceNumber="7">
					<Activity>setDown</Activity>
					<StopPointRef>9300MIL1</StopPointRef>
					<TimingStatus>PTP</TimingStatus>
				</To>
				<RouteLinkRef>RL_33-B1X-R-y05-51843-O-1-6</RouteLinkRef>
				<RunTime>PT8M</RunTime>
			</JourneyPatternTimingLink>
		</JourneyPatternSection>
		<JourneyPatternSection id="JPS_33-B1X-R-y05-51843-2-1-O">
			<JourneyPatternTimingLink id="JPL_33-B1X-R-y05-51843-2-O-1-2">
				<From SequenceNumber="1">
					<Activity>pickUp</Activity>
					<StopPointRef>9300WMR1</StopPointRef>
					<TimingStatus>PTP</TimingStatus>
				</From>
				<To SequenceNumber="2">
					<Activity>pickUpAndSetDown</Activity>
					<StopPointRef>9300WMP1</StopPointRef>
					<TimingStatus>PTP</TimingStatus>
				</To>
				<RouteLinkRef>RL_33-B1X-R-y05-51843-O-1-1</RouteLinkRef>
				<RunTime>PT5M</RunTime>
			</JourneyPatternTimingLink>
			<JourneyPatternTimingLink id="JPL_33-B1X-R-y05-51843-2-O-1-3">
				<From SequenceNumber="2">
					<Activity>pickUpAndSetDown</Activity>
					<StopPointRef>9300WMP1</StopPointRef>
					<TimingStatus>PTP</TimingStatus>
				</From>
				<To SequenceNumber="3">
					<Activity>pickUpAndSetDown</Activity>
					<StopPointRef>9300SWK3</StopPointRef>
					<TimingStatus>PTP</TimingStatus>
				</To>
				<RouteLinkRef>RL_33-B1X-R-y05-51843-O-1-2</RouteLinkRef>
				<RunTime>PT10M</RunTime>
			</JourneyPatternTimingLink>
			<JourneyPatternTimingLink id="JPL_33-B1X-R-y05-51843-2-O-1-4">
				<From SequenceNumber="3">
					<Activity>pickUpAndSetDown</Activity>
					<StopPointRef>9300SWK3</StopPointRef>
					<TimingStatus>PTP</TimingStatus>
				</From>
				<To SequenceNumber="4">
					<Activity>pickUpAndSetDown</Activity>
					<StopPointRef>9300LBR1</StopPointRef>
					<TimingStatus>PTP</TimingStatus>
				</To>
				<RouteLinkRef>RL_33-B1X-R-y05-51843-O-1-3</RouteLinkRef>
				<RunTime>PT4M</RunTime>
			</JourneyPatternTimingLink>
			<JourneyPatternTimingLink id="JPL_33-B1X-R-y05-51843-2-O-1-5">
				<From SequenceNumber="4">
					<Activity>pickUpAndSetDown</Activity>
					<StopPointRef>9300LBR1</StopPointRef>
					<TimingStatus>PTP</TimingStatus>
				</From>
				<To SequenceNumber="5">
					<Activity>pickUpAndSetDown</Activity>
					<StopPointRef>9300TMP3</StopPointRef>
					<TimingStatus>PTP</TimingStatus>
				</To>
				<RouteLinkRef>RL_33-B1X-R-y05-51843-O-1-4</RouteLinkRef>
				<RunTime>PT4M</RunTime>
			</JourneyPatternTimingLink>
			<JourneyPatternTimingLink id="JPL_33-B1X-R-y05-51843-2-O-1-6">
				<From SequenceNumber="5">
					<Activity>pickUpAndSetDown</Activity>
					<StopPointRef>9300TMP3</StopPointRef>
					<TimingStatus>PTP</TimingStatus>
				</From>
				<To SequenceNumber="6">
					<Activity>pickUpAndSetDown</Activity>
					<StopPointRef>9300GNW2</StopPointRef>
					<TimingStatus>PTP</TimingStatus>
				</To>
				<RouteLinkRef>RL_33-B1X-R-y05-51843-O-1-5</RouteLinkRef>
				<RunTime>PT16M</RunTime>
			</JourneyPatternTimingLink>
			<JourneyPatternTimingLink id="JPL_33-B1X-R-y05-51843-2-O-1-7">
				<From SequenceNumber="6">
					<Activity>pickUpAndSetDown</Activity>
					<StopPointRef>9300GNW2</StopPointRef>
					<TimingStatus>PTP</TimingStatus>
				</From>
				<To SequenceNumber="7">
					<Activity>setDown</Activity>
					<StopPointRef>9300MIL1</StopPointRef>
					<TimingStatus>PTP</TimingStatus>
				</To>
				<RouteLinkRef>RL_33-B1X-R-y05-51843-O-1-6</RouteLinkRef>
				<RunTime>PT8M</RunTime>
			</JourneyPatternTimingLink>
		</JourneyPatternSection>
		<JourneyPatternSection id="JPS_33-B1X-R-y05-51843-5-3-I">
			<JourneyPatternTimingLink id="JPL_33-B1X-R-y05-51843-5-I-3-2">
				<From SequenceNumber="1">
					<Activity>pickUp</Activity>
					<StopPointRef>9300MIL1</StopPointRef>
					<TimingStatus>PTP</TimingStatus>
				</From>
				<To SequenceNumber="2">
					<Activity>pickUpAndSetDown</Activity>
					<StopPointRef>9300GNW1</StopPointRef>
					<TimingStatus>PTP</TimingStatus>
				</To>
				<RouteLinkRef>RL_33-B1X-R-y05-51843-I-3-1</RouteLinkRef>
				<RunTime>PT10M</RunTime>
			</JourneyPatternTimingLink>
			<JourneyPatternTimingLink id="JPL_33-B1X-R-y05-51843-5-I-3-3">
				<From SequenceNumber="2">
					<Activity>pickUpAndSetDown</Activity>
					<StopPointRef>9300GNW1</StopPointRef>
					<TimingStatus>PTP</TimingStatus>
				</From>
				<To SequenceNumber="3">
					<Activity>pickUpAndSetDown</Activity>
					<StopPointRef>9300CAW2</StopPointRef>
					<TimingStatus>PTP</TimingStatus>
				</To>
				<RouteLinkRef>RL_33-B1X-R-y05-51843-I-3-2</RouteLinkRef>
				<RunTime>PT9M</RunTime>
			</JourneyPatternTimingLink>
			<JourneyPatternTimingLink id="JPL_33-B1X-R-y05-51843-5-I-3-4">
				<From SequenceNumber="3">
					<Activity>pickUpAndSetDown</Activity>
					<StopPointRef>9300CAW2</StopPointRef>
					<TimingStatus>PTP</TimingStatus>
				</From>
				<To SequenceNumber="4">
					<Activity>pickUpAndSetDown</Activity>
					<StopPointRef>9300TMP1</StopPointRef>
					<TimingStatus>PTP</TimingStatus>
				</To>
				<RouteLinkRef>RL_33-B1X-R-y05-51843-I-3-3</RouteLinkRef>
				<RunTime>PT11M</RunTime>
			</JourneyPatternTimingLink>
			<JourneyPatternTimingLink id="JPL_33-B1X-R-y05-51843-5-I-3-5">
				<From SequenceNumber="4">
					<Activity>pickUpAndSetDown</Activity>
					<StopPointRef>9300TMP1</StopPointRef>
					<TimingStatus>PTP</TimingStatus>
				</From>
				<To SequenceNumber="5">
					<Activity>pickUpAndSetDown</Activity>
					<StopPointRef>9300LBR1</StopPointRef>
					<TimingStatus>PTP</TimingStatus>
				</To>
				<RouteLinkRef>RL_33-B1X-R-y05-51843-I-3-4</RouteLinkRef>
				<RunTime>PT4M</RunTime>
			</JourneyPatternTimingLink>
			<JourneyPatternTimingLink id="JPL_33-B1X-R-y05-51843-5-I-3-6">
				<From SequenceNumber="5">
					<Activity>pickUpAndSetDown</Activity>
					<StopPointRef>9300LBR1</StopPointRef>
					<TimingStatus>PTP</TimingStatus>
				</From>
				<To SequenceNumber="6">
					<Activity>pickUpAndSetDown</Activity>
					<StopPointRef>9300EMB2</StopPointRef>
					<TimingStatus>PTP</TimingStatus>
				</To>
				<RouteLinkRef>RL_33-B1X-R-y05-51843-I-3-5</RouteLinkRef>
				<RunTime>PT13M</RunTime>
			</JourneyPatternTimingLink>
			<JourneyPatternTimingLink id="JPL_33-B1X-R-y05-51843-5-I-3-7">
				<From SequenceNumber="6">
					<Activity>pickUpAndSetDown</Activity>
					<StopPointRef>9300EMB2</StopPointRef>
					<TimingStatus>PTP</TimingStatus>
				</From>
				<To SequenceNumber="7">
					<Activity>setDown</Activity>
					<StopPointRef>9300WMR1</StopPointRef>
					<TimingStatus>PTP</TimingStatus>
				</To>
				<RouteLinkRef>RL_33-B1X-R-y05-51843-I-3-6</RouteLinkRef>
				<RunTime>PT4M</RunTime>
			</JourneyPatternTimingLink>
		</JourneyPatternSection>
		<JourneyPatternSection id="JPS_33-B1X-R-y05-51843-3-2-O">
			<JourneyPatternTimingLink id="JPL_33-B1X-R-y05-51843-3-O-2-2">
				<From SequenceNumber="1">
					<Activity>pickUp</Activity>
					<StopPointRef>9300WMR1</StopPointRef>
					<TimingStatus>PTP</TimingStatus>
				</From>
				<To SequenceNumber="2">
					<Activity>pickUpAndSetDown</Activity>
					<StopPointRef>9300WMP1</StopPointRef>
					<TimingStatus>PTP</TimingStatus>
				</To>
				<RouteLinkRef>RL_33-B1X-R-y05-51843-O-2-1</RouteLinkRef>
				<RunTime>PT5M</RunTime>
			</JourneyPatternTimingLink>
			<JourneyPatternTimingLink id="JPL_33-B1X-R-y05-51843-3-O-2-3">
				<From SequenceNumber="2">
					<Activity>pickUpAndSetDown</Activity>
					<StopPointRef>9300WMP1</StopPointRef>
					<TimingStatus>PTP</TimingStatus>
				</From>
				<To SequenceNumber="4">
					<Activity>pickUpAndSetDown</Activity>
					<StopPointRef>9300LBR1</StopPointRef>
					<TimingStatus>PTP</TimingStatus>
				</To>
				<RouteLinkRef>RL_33-B1X-R-y05-51843-O-2-2</RouteLinkRef>
				<RunTime>PT12M</RunTime>
			</JourneyPatternTimingLink>
			<JourneyPatternTimingLink id="JPL_33-B1X-R-y05-51843-3-O-2-4">
				<From SequenceNumber="4">
					<Activity>pickUpAndSetDown</Activity>
					<StopPointRef>9300LBR1</StopPointRef>
					<TimingStatus>PTP</TimingStatus>
				</From>
				<To SequenceNumber="5">
					<Activity>pickUpAndSetDown</Activity>
					<StopPointRef>9300TMP3</StopPointRef>
					<TimingStatus>PTP</TimingStatus>
				</To>
				<RouteLinkRef>RL_33-B1X-R-y05-51843-O-2-3</RouteLinkRef>
				<RunTime>PT4M</RunTime>
			</JourneyPatternTimingLink>
			<JourneyPatternTimingLink id="JPL_33-B1X-R-y05-51843-3-O-2-5">
				<From SequenceNumber="5">
					<Activity>pickUpAndSetDown</Activity>
					<StopPointRef>9300TMP3</StopPointRef>
					<TimingStatus>PTP</TimingStatus>
				</From>
				<To SequenceNumber="6">
					<Activity>pickUpAndSetDown</Activity>
					<StopPointRef>9300GNW2</StopPointRef>
					<TimingStatus>PTP</TimingStatus>
				</To>
				<RouteLinkRef>RL_33-B1X-R-y05-51843-O-2-4</RouteLinkRef>
				<RunTime>PT16M</RunTime>
			</JourneyPatternTimingLink>
			<JourneyPatternTimingLink id="JPL_33-B1X-R-y05-51843-3-O-2-6">
				<From SequenceNumber="6">
					<Activity>pickUpAndSetDown</Activity>
					<StopPointRef>9300GNW2</StopPointRef>
					<TimingStatus>PTP</TimingStatus>
				</From>
				<To SequenceNumber="7">
					<Activity>setDown</Activity>
					<StopPointRef>9300MIL1</StopPointRef>
					<TimingStatus>PTP</TimingStatus>
				</To>
				<RouteLinkRef>RL_33-B1X-R-y05-51843-O-2-5</RouteLinkRef>
				<RunTime>PT8M</RunTime>
			</JourneyPatternTimingLink>
		</JourneyPatternSection>
	</JourneyPatternSections>
	<Operators>
		<Operator id="OId_CV">
			<OperatorCode>CV</OperatorCode>
			<OperatorShortName>MBNA THAMES CLIPPERS</OperatorShortName>
			<OperatorNameOnLicence>MBNA THAMES CLIPPERS</OperatorNameOnLicence>
			<TradingName>MBNA THAMES CLIPPERS</TradingName>
		</Operator>
	</Operators>
	<Services>
		<Service>
			<ServiceCode>33-B1X-R-y05-51843</ServiceCode>
			<PrivateCode>33-B1X-R-y05-51843</PrivateCode>
			<Lines>
				<Line id="33-B1X-R-y05-51843">
					<LineName>RB1X</LineName>
				</Line>
			</Lines>
			<OperatingPeriod>
				<StartDate>2019-06-15</StartDate>
				<EndDate>2019-12-22</EndDate>
			</OperatingPeriod>
			<OperatingProfile>
				<RegularDayType>
					<DaysOfWeek>
						<Weekend />
					</DaysOfWeek>
				</RegularDayType>
				<BankHolidayOperation>
					<DaysOfOperation>
						<AllBankHolidays />
					</DaysOfOperation>
					<DaysOfNonOperation />
				</BankHolidayOperation>
			</OperatingProfile>
			<RegisteredOperatorRef>OId_CV</RegisteredOperatorRef>
			<StopRequirements>
				<NoNewStopsRequired />
			</StopRequirements>
			<Mode>ferry</Mode>
			<Description>Westminster - North Greenwich</Description>
			<StandardService>
				<Origin>Westminster Pier</Origin>
				<Destination>North Greenwich Pier</Destination>
				<JourneyPattern id="JP_33-B1X-R-y05-51843-4-I-3">
					<Direction>inbound</Direction>
					<Operational>
						<VehicleType>
							<VehicleTypeCode>FW</VehicleTypeCode>
							<Description>Ferry (Wheelchair accessible)</Description>
						</VehicleType>
					</Operational>
					<RouteRef>R_33-B1X-R-y05-51843-I-3</RouteRef>
					<JourneyPatternSectionRefs>JPS_33-B1X-R-y05-51843-4-3-I</JourneyPatternSectionRefs>
				</JourneyPattern>
				<JourneyPattern id="JP_33-B1X-R-y05-51843-1-O-1">
					<Direction>outbound</Direction>
					<Operational>
						<VehicleType>
							<VehicleTypeCode>FW</VehicleTypeCode>
							<Description>Ferry (Wheelchair accessible)</Description>
						</VehicleType>
					</Operational>
					<RouteRef>R_33-B1X-R-y05-51843-O-1</RouteRef>
					<JourneyPatternSectionRefs>JPS_33-B1X-R-y05-51843-1-1-O</JourneyPatternSectionRefs>
				</JourneyPattern>
				<JourneyPattern id="JP_33-B1X-R-y05-51843-2-O-1">
					<Direction>outbound</Direction>
					<Operational>
						<VehicleType>
							<VehicleTypeCode>FW</VehicleTypeCode>
							<Description>Ferry (Wheelchair accessible)</Description>
						</VehicleType>
					</Operational>
					<RouteRef>R_33-B1X-R-y05-51843-O-1</RouteRef>
					<JourneyPatternSectionRefs>JPS_33-B1X-R-y05-51843-2-1-O</JourneyPatternSectionRefs>
				</JourneyPattern>
				<JourneyPattern id="JP_33-B1X-R-y05-51843-5-I-3">
					<Direction>inbound</Direction>
					<Operational>
						<VehicleType>
							<VehicleTypeCode>FW</VehicleTypeCode>
							<Description>Ferry (Wheelchair accessible)</Description>
						</VehicleType>
					</Operational>
					<RouteRef>R_33-B1X-R-y05-51843-I-3</RouteRef>
					<JourneyPatternSectionRefs>JPS_33-B1X-R-y05-51843-5-3-I</JourneyPatternSectionRefs>
				</JourneyPattern>
				<JourneyPattern id="JP_33-B1X-R-y05-51843-3-O-2">
					<Direction>outbound</Direction>
					<Operational>
						<VehicleType>
							<VehicleTypeCode>FW</VehicleTypeCode>
							<Description>Ferry (Wheelchair accessible)</Description>
						</VehicleType>
					</Operational>
					<RouteRef>R_33-B1X-R-y05-51843-O-2</RouteRef>
					<JourneyPatternSectionRefs>JPS_33-B1X-R-y05-51843-3-2-O</JourneyPatternSectionRefs>
				</JourneyPattern>
			</StandardService>
		</Service>
	</Services>
	<VehicleJourneys>
		<VehicleJourney>
			<PrivateCode>tfl-33-B1X-R-y05-51843-1-T4</PrivateCode>
			<Operational>
				<VehicleType>
					<VehicleTypeCode>FW</VehicleTypeCode>
					<Description>Ferry (Wheelchair accessible)</Description>
				</VehicleType>
			</Operational>
			<VehicleJourneyCode>VJ_33-B1X-R-y05-51843-1-T4</VehicleJourneyCode>
			<ServiceRef>33-B1X-R-y05-51843</ServiceRef>
			<LineRef>33-B1X-R-y05-51843</LineRef>
			<JourneyPatternRef>JP_33-B1X-R-y05-51843-4-I-3</JourneyPatternRef>
			<DepartureTime>09:58:00</DepartureTime>
		</VehicleJourney>
		<VehicleJourney>
			<PrivateCode>tfl-33-B1X-R-y05-51843-2-T4</PrivateCode>
			<Operational>
				<VehicleType>
					<VehicleTypeCode>FW</VehicleTypeCode>
					<Description>Ferry (Wheelchair accessible)</Description>
				</VehicleType>
			</Operational>
			<VehicleJourneyCode>VJ_33-B1X-R-y05-51843-2-T4</VehicleJourneyCode>
			<ServiceRef>33-B1X-R-y05-51843</ServiceRef>
			<LineRef>33-B1X-R-y05-51843</LineRef>
			<JourneyPatternRef>JP_33-B1X-R-y05-51843-1-O-1</JourneyPatternRef>
			<DepartureTime>10:39:00</DepartureTime>
		</VehicleJourney>
		<VehicleJourney>
			<PrivateCode>tfl-33-B1X-R-y05-51843-3-T4</PrivateCode>
			<Operational>
				<VehicleType>
					<VehicleTypeCode>FW</VehicleTypeCode>
					<Description>Ferry (Wheelchair accessible)</Description>
				</VehicleType>
			</Operational>
			<VehicleJourneyCode>VJ_33-B1X-R-y05-51843-3-T4</VehicleJourneyCode>
			<ServiceRef>33-B1X-R-y05-51843</ServiceRef>
			<LineRef>33-B1X-R-y05-51843</LineRef>
			<JourneyPatternRef>JP_33-B1X-R-y05-51843-4-I-3</JourneyPatternRef>
			<DepartureTime>10:28:00</DepartureTime>
		</VehicleJourney>
		<VehicleJourney>
			<PrivateCode>tfl-33-B1X-R-y05-51843-4-T4</PrivateCode>
			<Operational>
				<VehicleType>
					<VehicleTypeCode>FW</VehicleTypeCode>
					<Description>Ferry (Wheelchair accessible)</Description>
				</VehicleType>
			</Operational>
			<VehicleJourneyCode>VJ_33-B1X-R-y05-51843-4-T4</VehicleJourneyCode>
			<ServiceRef>33-B1X-R-y05-51843</ServiceRef>
			<LineRef>33-B1X-R-y05-51843</LineRef>
			<JourneyPatternRef>JP_33-B1X-R-y05-51843-2-O-1</JourneyPatternRef>
			<DepartureTime>11:09:00</DepartureTime>
		</VehicleJourney>
		<VehicleJourney>
			<PrivateCode>tfl-33-B1X-R-y05-51843-5-T4</PrivateCode>
			<Operational>
				<VehicleType>
					<VehicleTypeCode>FW</VehicleTypeCode>
					<Description>Ferry (Wheelchair accessible)</Description>
				</VehicleType>
			</Operational>
			<VehicleJourneyCode>VJ_33-B1X-R-y05-51843-5-T4</VehicleJourneyCode>
			<ServiceRef>33-B1X-R-y05-51843</ServiceRef>
			<LineRef>33-B1X-R-y05-51843</LineRef>
			<JourneyPatternRef>JP_33-B1X-R-y05-51843-4-I-3</JourneyPatternRef>
			<DepartureTime>10:58:00</DepartureTime>
		</VehicleJourney>
		<VehicleJourney>
			<PrivateCode>tfl-33-B1X-R-y05-51843-6-T4</PrivateCode>
			<Operational>
				<VehicleType>
					<VehicleTypeCode>FW</VehicleTypeCode>
					<Description>Ferry (Wheelchair accessible)</Description>
				</VehicleType>
			</Operational>
			<VehicleJourneyCode>VJ_33-B1X-R-y05-51843-6-T4</VehicleJourneyCode>
			<ServiceRef>33-B1X-R-y05-51843</ServiceRef>
			<LineRef>33-B1X-R-y05-51843</LineRef>
			<JourneyPatternRef>JP_33-B1X-R-y05-51843-2-O-1</JourneyPatternRef>
			<DepartureTime>11:39:00</DepartureTime>
		</VehicleJourney>
		<VehicleJourney>
			<PrivateCode>tfl-33-B1X-R-y05-51843-7-T4</PrivateCode>
			<Operational>
				<VehicleType>
					<VehicleTypeCode>FW</VehicleTypeCode>
					<Description>Ferry (Wheelchair accessible)</Description>
				</VehicleType>
			</Operational>
			<VehicleJourneyCode>VJ_33-B1X-R-y05-51843-7-T4</VehicleJourneyCode>
			<ServiceRef>33-B1X-R-y05-51843</ServiceRef>
			<LineRef>33-B1X-R-y05-51843</LineRef>
			<JourneyPatternRef>JP_33-B1X-R-y05-51843-5-I-3</JourneyPatternRef>
			<DepartureTime>11:27:00</DepartureTime>
		</VehicleJourney>
		<VehicleJourney>
			<PrivateCode>tfl-33-B1X-R-y05-51843-8-T4</PrivateCode>
			<Operational>
				<VehicleType>
					<VehicleTypeCode>FW</VehicleTypeCode>
					<Description>Ferry (Wheelchair accessible)</Description>
				</VehicleType>
			</Operational>
			<VehicleJourneyCode>VJ_33-B1X-R-y05-51843-8-T4</VehicleJourneyCode>
			<ServiceRef>33-B1X-R-y05-51843</ServiceRef>
			<LineRef>33-B1X-R-y05-51843</LineRef>
			<JourneyPatternRef>JP_33-B1X-R-y05-51843-2-O-1</JourneyPatternRef>
			<DepartureTime>12:09:00</DepartureTime>
		</VehicleJourney>
		<VehicleJourney>
			<PrivateCode>tfl-33-B1X-R-y05-51843-9-T4</PrivateCode>
			<Operational>
				<VehicleType>
					<VehicleTypeCode>FW</VehicleTypeCode>
					<Description>Ferry (Wheelchair accessible)</Description>
				</VehicleType>
			</Operational>
			<VehicleJourneyCode>VJ_33-B1X-R-y05-51843-9-T4</VehicleJourneyCode>
			<ServiceRef>33-B1X-R-y05-51843</ServiceRef>
			<LineRef>33-B1X-R-y05-51843</LineRef>
			<JourneyPatternRef>JP_33-B1X-R-y05-51843-4-I-3</JourneyPatternRef>
			<DepartureTime>11:58:00</DepartureTime>
		</VehicleJourney>
		<VehicleJourney>
			<PrivateCode>tfl-33-B1X-R-y05-51843-10-T4</PrivateCode>
			<Operational>
				<VehicleType>
					<VehicleTypeCode>FW</VehicleTypeCode>
					<Description>Ferry (Wheelchair accessible)</Description>
				</VehicleType>
			</Operational>
			<VehicleJourneyCode>VJ_33-B1X-R-y05-51843-10-T4</VehicleJourneyCode>
			<ServiceRef>33-B1X-R-y05-51843</ServiceRef>
			<LineRef>33-B1X-R-y05-51843</LineRef>
			<JourneyPatternRef>JP_33-B1X-R-y05-51843-2-O-1</JourneyPatternRef>
			<DepartureTime>12:39:00</DepartureTime>
		</VehicleJourney>
		<VehicleJourney>
			<PrivateCode>tfl-33-B1X-R-y05-51843-11-T4</PrivateCode>
			<Operational>
				<VehicleType>
					<VehicleTypeCode>FW</VehicleTypeCode>
					<Description>Ferry (Wheelchair accessible)</Description>
				</VehicleType>
			</Operational>
			<VehicleJourneyCode>VJ_33-B1X-R-y05-51843-11-T4</VehicleJourneyCode>
			<ServiceRef>33-B1X-R-y05-51843</ServiceRef>
			<LineRef>33-B1X-R-y05-51843</LineRef>
			<JourneyPatternRef>JP_33-B1X-R-y05-51843-4-I-3</JourneyPatternRef>
			<DepartureTime>12:28:00</DepartureTime>
		</VehicleJourney>
		<VehicleJourney>
			<PrivateCode>tfl-33-B1X-R-y05-51843-12-T4</PrivateCode>
			<Operational>
				<VehicleType>
					<VehicleTypeCode>FW</VehicleTypeCode>
					<Description>Ferry (Wheelchair accessible)</Description>
				</VehicleType>
			</Operational>
			<VehicleJourneyCode>VJ_33-B1X-R-y05-51843-12-T4</VehicleJourneyCode>
			<ServiceRef>33-B1X-R-y05-51843</ServiceRef>
			<LineRef>33-B1X-R-y05-51843</LineRef>
			<JourneyPatternRef>JP_33-B1X-R-y05-51843-2-O-1</JourneyPatternRef>
			<DepartureTime>13:09:00</DepartureTime>
		</VehicleJourney>
		<VehicleJourney>
			<PrivateCode>tfl-33-B1X-R-y05-51843-13-T4</PrivateCode>
			<Operational>
				<VehicleType>
					<VehicleTypeCode>FW</VehicleTypeCode>
					<Description>Ferry (Wheelchair accessible)</Description>
				</VehicleType>
			</Operational>
			<VehicleJourneyCode>VJ_33-B1X-R-y05-51843-13-T4</VehicleJourneyCode>
			<ServiceRef>33-B1X-R-y05-51843</ServiceRef>
			<LineRef>33-B1X-R-y05-51843</LineRef>
			<JourneyPatternRef>JP_33-B1X-R-y05-51843-4-I-3</JourneyPatternRef>
			<DepartureTime>12:58:00</DepartureTime>
		</VehicleJourney>
		<VehicleJourney>
			<PrivateCode>tfl-33-B1X-R-y05-51843-14-T4</PrivateCode>
			<Operational>
				<VehicleType>
					<VehicleTypeCode>FW</VehicleTypeCode>
					<Description>Ferry (Wheelchair accessible)</Description>
				</VehicleType>
			</Operational>
			<VehicleJourneyCode>VJ_33-B1X-R-y05-51843-14-T4</VehicleJourneyCode>
			<ServiceRef>33-B1X-R-y05-51843</ServiceRef>
			<LineRef>33-B1X-R-y05-51843</LineRef>
			<JourneyPatternRef>JP_33-B1X-R-y05-51843-2-O-1</JourneyPatternRef>
			<DepartureTime>13:39:00</DepartureTime>
		</VehicleJourney>
		<VehicleJourney>
			<PrivateCode>tfl-33-B1X-R-y05-51843-15-T4</PrivateCode>
			<Operational>
				<VehicleType>
					<VehicleTypeCode>FW</VehicleTypeCode>
					<Description>Ferry (Wheelchair accessible)</Description>
				</VehicleType>
			</Operational>
			<VehicleJourneyCode>VJ_33-B1X-R-y05-51843-15-T4</VehicleJourneyCode>
			<ServiceRef>33-B1X-R-y05-51843</ServiceRef>
			<LineRef>33-B1X-R-y05-51843</LineRef>
			<JourneyPatternRef>JP_33-B1X-R-y05-51843-4-I-3</JourneyPatternRef>
			<DepartureTime>13:28:00</DepartureTime>
		</VehicleJourney>
		<VehicleJourney>
			<PrivateCode>tfl-33-B1X-R-y05-51843-16-T4</PrivateCode>
			<Operational>
				<VehicleType>
					<VehicleTypeCode>FW</VehicleTypeCode>
					<Description>Ferry (Wheelchair accessible)</Description>
				</VehicleType>
			</Operational>
			<VehicleJourneyCode>VJ_33-B1X-R-y05-51843-16-T4</VehicleJourneyCode>
			<ServiceRef>33-B1X-R-y05-51843</ServiceRef>
			<LineRef>33-B1X-R-y05-51843</LineRef>
			<JourneyPatternRef>JP_33-B1X-R-y05-51843-2-O-1</JourneyPatternRef>
			<DepartureTime>14:09:00</DepartureTime>
		</VehicleJourney>
		<VehicleJourney>
			<PrivateCode>tfl-33-B1X-R-y05-51843-17-T4</PrivateCode>
			<Operational>
				<VehicleType>
					<VehicleTypeCode>FW</VehicleTypeCode>
					<Description>Ferry (Wheelchair accessible)</Description>
				</VehicleType>
			</Operational>
			<VehicleJourneyCode>VJ_33-B1X-R-y05-51843-17-T4</VehicleJourneyCode>
			<ServiceRef>33-B1X-R-y05-51843</ServiceRef>
			<LineRef>33-B1X-R-y05-51843</LineRef>
			<JourneyPatternRef>JP_33-B1X-R-y05-51843-4-I-3</JourneyPatternRef>
			<DepartureTime>13:58:00</DepartureTime>
		</VehicleJourney>
		<VehicleJourney>
			<PrivateCode>tfl-33-B1X-R-y05-51843-18-T4</PrivateCode>
			<Operational>
				<VehicleType>
					<VehicleTypeCode>FW</VehicleTypeCode>
					<Description>Ferry (Wheelchair accessible)</Description>
				</VehicleType>
			</Operational>
			<VehicleJourneyCode>VJ_33-B1X-R-y05-51843-18-T4</VehicleJourneyCode>
			<ServiceRef>33-B1X-R-y05-51843</ServiceRef>
			<LineRef>33-B1X-R-y05-51843</LineRef>
			<JourneyPatternRef>JP_33-B1X-R-y05-51843-2-O-1</JourneyPatternRef>
			<DepartureTime>14:39:00</DepartureTime>
		</VehicleJourney>
		<VehicleJourney>
			<PrivateCode>tfl-33-B1X-R-y05-51843-19-T4</PrivateCode>
			<Operational>
				<VehicleType>
					<VehicleTypeCode>FW</VehicleTypeCode>
					<Description>Ferry (Wheelchair accessible)</Description>
				</VehicleType>
			</Operational>
			<VehicleJourneyCode>VJ_33-B1X-R-y05-51843-19-T4</VehicleJourneyCode>
			<ServiceRef>33-B1X-R-y05-51843</ServiceRef>
			<LineRef>33-B1X-R-y05-51843</LineRef>
			<JourneyPatternRef>JP_33-B1X-R-y05-51843-4-I-3</JourneyPatternRef>
			<DepartureTime>14:28:00</DepartureTime>
		</VehicleJourney>
		<VehicleJourney>
			<PrivateCode>tfl-33-B1X-R-y05-51843-20-T4</PrivateCode>
			<Operational>
				<VehicleType>
					<VehicleTypeCode>FW</VehicleTypeCode>
					<Description>Ferry (Wheelchair accessible)</Description>
				</VehicleType>
			</Operational>
			<VehicleJourneyCode>VJ_33-B1X-R-y05-51843-20-T4</VehicleJourneyCode>
			<ServiceRef>33-B1X-R-y05-51843</ServiceRef>
			<LineRef>33-B1X-R-y05-51843</LineRef>
			<JourneyPatternRef>JP_33-B1X-R-y05-51843-2-O-1</JourneyPatternRef>
			<DepartureTime>15:09:00</DepartureTime>
		</VehicleJourney>
		<VehicleJourney>
			<PrivateCode>tfl-33-B1X-R-y05-51843-21-T4</PrivateCode>
			<Operational>
				<VehicleType>
					<VehicleTypeCode>FW</VehicleTypeCode>
					<Description>Ferry (Wheelchair accessible)</Description>
				</VehicleType>
			</Operational>
			<VehicleJourneyCode>VJ_33-B1X-R-y05-51843-21-T4</VehicleJourneyCode>
			<ServiceRef>33-B1X-R-y05-51843</ServiceRef>
			<LineRef>33-B1X-R-y05-51843</LineRef>
			<JourneyPatternRef>JP_33-B1X-R-y05-51843-4-I-3</JourneyPatternRef>
			<DepartureTime>14:58:00</DepartureTime>
		</VehicleJourney>
		<VehicleJourney>
			<PrivateCode>tfl-33-B1X-R-y05-51843-22-T4</PrivateCode>
			<Operational>
				<VehicleType>
					<VehicleTypeCode>FW</VehicleTypeCode>
					<Description>Ferry (Wheelchair accessible)</Description>
				</VehicleType>
			</Operational>
			<VehicleJourneyCode>VJ_33-B1X-R-y05-51843-22-T4</VehicleJourneyCode>
			<ServiceRef>33-B1X-R-y05-51843</ServiceRef>
			<LineRef>33-B1X-R-y05-51843</LineRef>
			<JourneyPatternRef>JP_33-B1X-R-y05-51843-2-O-1</JourneyPatternRef>
			<DepartureTime>15:39:00</DepartureTime>
		</VehicleJourney>
		<VehicleJourney>
			<PrivateCode>tfl-33-B1X-R-y05-51843-23-T4</PrivateCode>
			<Operational>
				<VehicleType>
					<VehicleTypeCode>FW</VehicleTypeCode>
					<Description>Ferry (Wheelchair accessible)</Description>
				</VehicleType>
			</Operational>
			<VehicleJourneyCode>VJ_33-B1X-R-y05-51843-23-T4</VehicleJourneyCode>
			<ServiceRef>33-B1X-R-y05-51843</ServiceRef>
			<LineRef>33-B1X-R-y05-51843</LineRef>
			<JourneyPatternRef>JP_33-B1X-R-y05-51843-4-I-3</JourneyPatternRef>
			<DepartureTime>15:28:00</DepartureTime>
		</VehicleJourney>
		<VehicleJourney>
			<PrivateCode>tfl-33-B1X-R-y05-51843-24-T4</PrivateCode>
			<Operational>
				<VehicleType>
					<VehicleTypeCode>FW</VehicleTypeCode>
					<Description>Ferry (Wheelchair accessible)</Description>
				</VehicleType>
			</Operational>
			<VehicleJourneyCode>VJ_33-B1X-R-y05-51843-24-T4</VehicleJourneyCode>
			<ServiceRef>33-B1X-R-y05-51843</ServiceRef>
			<LineRef>33-B1X-R-y05-51843</LineRef>
			<JourneyPatternRef>JP_33-B1X-R-y05-51843-2-O-1</JourneyPatternRef>
			<DepartureTime>16:09:00</DepartureTime>
		</VehicleJourney>
		<VehicleJourney>
			<PrivateCode>tfl-33-B1X-R-y05-51843-25-T4</PrivateCode>
			<Operational>
				<VehicleType>
					<VehicleTypeCode>FW</VehicleTypeCode>
					<Description>Ferry (Wheelchair accessible)</Description>
				</VehicleType>
			</Operational>
			<VehicleJourneyCode>VJ_33-B1X-R-y05-51843-25-T4</VehicleJourneyCode>
			<ServiceRef>33-B1X-R-y05-51843</ServiceRef>
			<LineRef>33-B1X-R-y05-51843</LineRef>
			<JourneyPatternRef>JP_33-B1X-R-y05-51843-4-I-3</JourneyPatternRef>
			<DepartureTime>15:58:00</DepartureTime>
		</VehicleJourney>
		<VehicleJourney>
			<PrivateCode>tfl-33-B1X-R-y05-51843-26-T4</PrivateCode>
			<Operational>
				<VehicleType>
					<VehicleTypeCode>FW</VehicleTypeCode>
					<Description>Ferry (Wheelchair accessible)</Description>
				</VehicleType>
			</Operational>
			<VehicleJourneyCode>VJ_33-B1X-R-y05-51843-26-T4</VehicleJourneyCode>
			<ServiceRef>33-B1X-R-y05-51843</ServiceRef>
			<LineRef>33-B1X-R-y05-51843</LineRef>
			<JourneyPatternRef>JP_33-B1X-R-y05-51843-2-O-1</JourneyPatternRef>
			<DepartureTime>16:39:00</DepartureTime>
		</VehicleJourney>
		<VehicleJourney>
			<PrivateCode>tfl-33-B1X-R-y05-51843-27-T4</PrivateCode>
			<Operational>
				<VehicleType>
					<VehicleTypeCode>FW</VehicleTypeCode>
					<Description>Ferry (Wheelchair accessible)</Description>
				</VehicleType>
			</Operational>
			<VehicleJourneyCode>VJ_33-B1X-R-y05-51843-27-T4</VehicleJourneyCode>
			<ServiceRef>33-B1X-R-y05-51843</ServiceRef>
			<LineRef>33-B1X-R-y05-51843</LineRef>
			<JourneyPatternRef>JP_33-B1X-R-y05-51843-4-I-3</JourneyPatternRef>
			<DepartureTime>16:28:00</DepartureTime>
		</VehicleJourney>
		<VehicleJourney>
			<PrivateCode>tfl-33-B1X-R-y05-51843-28-T4</PrivateCode>
			<Operational>
				<VehicleType>
					<VehicleTypeCode>FW</VehicleTypeCode>
					<Description>Ferry (Wheelchair accessible)</Description>
				</VehicleType>
			</Operational>
			<VehicleJourneyCode>VJ_33-B1X-R-y05-51843-28-T4</VehicleJourneyCode>
			<ServiceRef>33-B1X-R-y05-51843</ServiceRef>
			<LineRef>33-B1X-R-y05-51843</LineRef>
			<JourneyPatternRef>JP_33-B1X-R-y05-51843-2-O-1</JourneyPatternRef>
			<DepartureTime>17:09:00</DepartureTime>
		</VehicleJourney>
		<VehicleJourney>
			<PrivateCode>tfl-33-B1X-R-y05-51843-29-T4</PrivateCode>
			<Operational>
				<VehicleType>
					<VehicleTypeCode>FW</VehicleTypeCode>
					<Description>Ferry (Wheelchair accessible)</Description>
				</VehicleType>
			</Operational>
			<VehicleJourneyCode>VJ_33-B1X-R-y05-51843-29-T4</VehicleJourneyCode>
			<ServiceRef>33-B1X-R-y05-51843</ServiceRef>
			<LineRef>33-B1X-R-y05-51843</LineRef>
			<JourneyPatternRef>JP_33-B1X-R-y05-51843-4-I-3</JourneyPatternRef>
			<DepartureTime>16:58:00</DepartureTime>
		</VehicleJourney>
		<VehicleJourney>
			<PrivateCode>tfl-33-B1X-R-y05-51843-30-T4</PrivateCode>
			<Operational>
				<VehicleType>
					<VehicleTypeCode>FW</VehicleTypeCode>
					<Description>Ferry (Wheelchair accessible)</Description>
				</VehicleType>
			</Operational>
			<VehicleJourneyCode>VJ_33-B1X-R-y05-51843-30-T4</VehicleJourneyCode>
			<ServiceRef>33-B1X-R-y05-51843</ServiceRef>
			<LineRef>33-B1X-R-y05-51843</LineRef>
			<JourneyPatternRef>JP_33-B1X-R-y05-51843-2-O-1</JourneyPatternRef>
			<DepartureTime>17:39:00</DepartureTime>
		</VehicleJourney>
		<VehicleJourney>
			<PrivateCode>tfl-33-B1X-R-y05-51843-31-T4</PrivateCode>
			<Operational>
				<VehicleType>
					<VehicleTypeCode>FW</VehicleTypeCode>
					<Description>Ferry (Wheelchair accessible)</Description>
				</VehicleType>
			</Operational>
			<VehicleJourneyCode>VJ_33-B1X-R-y05-51843-31-T4</VehicleJourneyCode>
			<ServiceRef>33-B1X-R-y05-51843</ServiceRef>
			<LineRef>33-B1X-R-y05-51843</LineRef>
			<JourneyPatternRef>JP_33-B1X-R-y05-51843-4-I-3</JourneyPatternRef>
			<DepartureTime>17:28:00</DepartureTime>
		</VehicleJourney>
		<VehicleJourney>
			<PrivateCode>tfl-33-B1X-R-y05-51843-32-T4</PrivateCode>
			<Operational>
				<VehicleType>
					<VehicleTypeCode>FW</VehicleTypeCode>
					<Description>Ferry (Wheelchair accessible)</Description>
				</VehicleType>
			</Operational>
			<VehicleJourneyCode>VJ_33-B1X-R-y05-51843-32-T4</VehicleJourneyCode>
			<ServiceRef>33-B1X-R-y05-51843</ServiceRef>
			<LineRef>33-B1X-R-y05-51843</LineRef>
			<JourneyPatternRef>JP_33-B1X-R-y05-51843-3-O-2</JourneyPatternRef>
			<DepartureTime>18:09:00</DepartureTime>
		</VehicleJourney>
		<VehicleJourney>
			<PrivateCode>tfl-33-B1X-R-y05-51843-33-T4</PrivateCode>
			<Operational>
				<VehicleType>
					<VehicleTypeCode>FW</VehicleTypeCode>
					<Description>Ferry (Wheelchair accessible)</Description>
				</VehicleType>
			</Operational>
			<VehicleJourneyCode>VJ_33-B1X-R-y05-51843-33-T4</VehicleJourneyCode>
			<ServiceRef>33-B1X-R-y05-51843</ServiceRef>
			<LineRef>33-B1X-R-y05-51843</LineRef>
			<JourneyPatternRef>JP_33-B1X-R-y05-51843-4-I-3</JourneyPatternRef>
			<DepartureTime>17:58:00</DepartureTime>
		</VehicleJourney>
		<VehicleJourney>
			<PrivateCode>tfl-33-B1X-R-y05-51843-34-T4</PrivateCode>
			<Operational>
				<VehicleType>
					<VehicleTypeCode>FW</VehicleTypeCode>
					<Description>Ferry (Wheelchair accessible)</Description>
				</VehicleType>
			</Operational>
			<VehicleJourneyCode>VJ_33-B1X-R-y05-51843-34-T4</VehicleJourneyCode>
			<ServiceRef>33-B1X-R-y05-51843</ServiceRef>
			<LineRef>33-B1X-R-y05-51843</LineRef>
			<JourneyPatternRef>JP_33-B1X-R-y05-51843-3-O-2</JourneyPatternRef>
			<DepartureTime>18:39:00</DepartureTime>
		</VehicleJourney>
		<VehicleJourney>
			<PrivateCode>tfl-33-B1X-R-y05-51843-35-T4</PrivateCode>
			<Operational>
				<VehicleType>
					<VehicleTypeCode>FW</VehicleTypeCode>
					<Description>Ferry (Wheelchair accessible)</Description>
				</VehicleType>
			</Operational>
			<VehicleJourneyCode>VJ_33-B1X-R-y05-51843-35-T4</VehicleJourneyCode>
			<ServiceRef>33-B1X-R-y05-51843</ServiceRef>
			<LineRef>33-B1X-R-y05-51843</LineRef>
			<JourneyPatternRef>JP_33-B1X-R-y05-51843-4-I-3</JourneyPatternRef>
			<DepartureTime>18:28:00</DepartureTime>
		</VehicleJourney>
		<VehicleJourney>
			<PrivateCode>tfl-33-B1X-R-y05-51843-36-T4</PrivateCode>
			<Operational>
				<VehicleType>
					<VehicleTypeCode>FW</VehicleTypeCode>
					<Description>Ferry (Wheelchair accessible)</Description>
				</VehicleType>
			</Operational>
			<VehicleJourneyCode>VJ_33-B1X-R-y05-51843-36-T4</VehicleJourneyCode>
			<ServiceRef>33-B1X-R-y05-51843</ServiceRef>
			<LineRef>33-B1X-R-y05-51843</LineRef>
			<JourneyPatternRef>JP_33-B1X-R-y05-51843-3-O-2</JourneyPatternRef>
			<DepartureTime>19:09:00</DepartureTime>
		</VehicleJourney>
	</VehicleJourneys>
</TransXChange>