<?xml version="1.0" encoding="Windows-1252"?>
<TransXChange CreationDateTime="2019-06-18T08:56:00.5062793+01:00" ModificationDateTime="2019-06-18T08:56:00.5062793+01:00" Modification="new" FileName="tfl_32-CCR-_-y05-23.xml" RevisionNumber="3" SchemaVersion="2.1" xml:lang="en" xsi:schemaLocation="http://www.transxchange.org.uk/ http://www.transxchange.org.uk/schema/2.1/TransXChange_general.xsd" xmlns:xsi="http://www.w3.org/2001/XMLSchema-instance" xmlns="http://www.transxchange.org.uk/">
	<NptgLocalities>
		<AnnotatedNptgLocalityRef>
			<NptgLocalityRef>E0034328</NptgLocalityRef>
			<LocalityName>Greenwich (London)</LocalityName>
		</AnnotatedNptgLocalityRef>
		<AnnotatedNptgLocalityRef>
			<NptgLocalityRef>N0077729</NptgLocalityRef>
			<LocalityName>Tower Hill (London)</LocalityName>
		</AnnotatedNptgLocalityRef>
		<AnnotatedNptgLocalityRef>
			<NptgLocalityRef>E0034961</NptgLocalityRef>
			<LocalityName>Westminster</LocalityName>
		</AnnotatedNptgLocalityRef>
		<AnnotatedNptgLocalityRef>
			<NptgLocalityRef>E0034649</NptgLocalityRef>
			<LocalityName>Waterloo (London)</LocalityName>
		</AnnotatedNptgLocalityRef>
	</NptgLocalities>
	<StopPoints>
		<StopPoint CreationDateTime="2016-01-19T00:00:00">
			<AtcoCode>9300GNW1</AtcoCode>
			<Descriptor>
				<CommonName>Greenwich Pier</CommonName>
			</Descriptor>
			<Place>
				<NptgLocalityRef>E0034328</NptgLocalityRef>
				<Location Precision="1m">
					<Easting>538362</Easting>
					<Northing>178017</Northing>
				</Location>
			</Place>
			<StopClassification>
				<StopType>FBT</StopType>
				<OffStreet>
					<Ferry>
						<Berth />
					</Ferry>
				</OffStreet>
			</StopClassification>
			<AdministrativeAreaRef>000</AdministrativeAreaRef>
			<Notes>Greenwich Pier</Notes>
		</StopPoint>
		<StopPoint CreationDateTime="2016-04-13T00:00:00">
			<AtcoCode>9300TMP2</AtcoCode>
			<Descriptor>
				<CommonName>Tower Pier</CommonName>
			</Descriptor>
			<Place>
				<NptgLocalityRef>N0077729</NptgLocalityRef>
				<Location Precision="1m">
					<Easting>533449</Easting>
					<Northing>180443</Northing>
				</Location>
			</Place>
			<StopClassification>
				<StopType>FBT</StopType>
				<OffStreet>
					<Ferry>
						<Berth />
					</Ferry>
				</OffStreet>
			</StopClassification>
			<AdministrativeAreaRef>000</AdministrativeAreaRef>
			<Notes>Tower Pier</Notes>
		</StopPoint>
		<StopPoint CreationDateTime="2016-04-19T00:00:00">
			<AtcoCode>9300WMR1</AtcoCode>
			<Descriptor>
				<CommonName>Westminster Pier</CommonName>
			</Descriptor>
			<Place>
				<NptgLocalityRef>E0034961</NptgLocalityRef>
				<Location Precision="1m">
					<Easting>530353</Easting>
					<Northing>179753</Northing>
				</Location>
			</Place>
			<StopClassification>
				<StopType>FBT</StopType>
				<OffStreet>
					<Ferry>
						<Berth />
					</Ferry>
				</OffStreet>
			</StopClassification>
			<AdministrativeAreaRef>000</AdministrativeAreaRef>
			<Notes>Westminster Pier</Notes>
		</StopPoint>
		<StopPoint CreationDateTime="2017-11-30T00:00:00">
			<AtcoCode>9300WMP3</AtcoCode>
			<Descriptor>
				<CommonName>London Eye Waterloo Pier</CommonName>
			</Descriptor>
			<Place>
				<NptgLocalityRef>E0034649</NptgLocalityRef>
				<Location Precision="1m">
					<Easting>530550</Easting>
					<Northing>179990</Northing>
				</Location>
			</Place>
			<StopClassification>
				<StopType>FBT</StopType>
				<OffStreet>
					<Ferry>
						<Berth />
					</Ferry>
				</OffStreet>
			</StopClassification>
			<AdministrativeAreaRef>000</AdministrativeAreaRef>
			<Notes>London Eye Waterloo Pier</Notes>
		</StopPoint>
		<StopPoint CreationDateTime="2016-04-13T00:00:00">
			<AtcoCode>9300TMP4</AtcoCode>
			<Descriptor>
				<CommonName>Tower Pier</CommonName>
			</Descriptor>
			<Place>
				<NptgLocalityRef>N0077729</NptgLocalityRef>
				<Location Precision="1m">
					<Easting>533461</Easting>
					<Northing>180442</Northing>
				</Location>
			</Place>
			<StopClassification>
				<StopType>FBT</StopType>
				<OffStreet>
					<Ferry>
						<Berth />
					</Ferry>
				</OffStreet>
			</StopClassification>
			<AdministrativeAreaRef>000</AdministrativeAreaRef>
			<Notes>Tower Pier</Notes>
		</StopPoint>
		<StopPoint CreationDateTime="2016-01-19T00:00:00">
			<AtcoCode>9300GNW2</AtcoCode>
			<Descriptor>
				<CommonName>Greenwich Pier</CommonName>
			</Descriptor>
			<Place>
				<NptgLocalityRef>E0034328</NptgLocalityRef>
				<Location Precision="1m">
					<Easting>538355</Easting>
					<Northing>178017</Northing>
				</Location>
			</Place>
			<StopClassification>
				<StopType>FBT</StopType>
				<OffStreet>
					<Ferry>
						<Berth />
					</Ferry>
				</OffStreet>
			</StopClassification>
			<AdministrativeAreaRef>000</AdministrativeAreaRef>
			<Notes>Greenwich Pier</Notes>
		</StopPoint>
	</StopPoints>
	<RouteSections>
		<RouteSection id="RS_32-CCR-_-y05-23-I-1">
			<RouteLink id="RL_32-CCR-_-y05-23-I-1-1">
				<From>
					<StopPointRef>9300GNW1</StopPointRef>
				</From>
				<To>
					<StopPointRef>9300TMP2</StopPointRef>
				</To>
				<Direction>inbound</Direction>
			</RouteLink>
			<RouteLink id="RL_32-CCR-_-y05-23-I-1-2">
				<From>
					<StopPointRef>9300TMP2</StopPointRef>
				</From>
				<To>
					<StopPointRef>9300WMR1</StopPointRef>
				</To>
				<Direction>inbound</Direction>
			</RouteLink>
		</RouteSection>
		<RouteSection id="RS_32-CCR-_-y05-23-I-2">
			<RouteLink id="RL_32-CCR-_-y05-23-I-2-1">
				<From>
					<StopPointRef>9300TMP2</StopPointRef>
				</From>
				<To>
					<StopPointRef>9300WMR1</StopPointRef>
				</To>
				<Direction>inbound</Direction>
			</RouteLink>
		</RouteSection>
		<RouteSection id="RS_32-CCR-_-y05-23-O-4">
			<RouteLink id="RL_32-CCR-_-y05-23-O-4-1">
				<From>
					<StopPointRef>9300WMR1</StopPointRef>
				</From>
				<To>
					<StopPointRef>9300WMP3</StopPointRef>
				</To>
				<Direction>outbound</Direction>
			</RouteLink>
			<RouteLink id="RL_32-CCR-_-y05-23-O-4-2">
				<From>
					<StopPointRef>9300WMP3</StopPointRef>
				</From>
				<To>
					<StopPointRef>9300TMP4</StopPointRef>
				</To>
				<Direction>outbound</Direction>
			</RouteLink>
		</RouteSection>
		<RouteSection id="RS_32-CCR-_-y05-23-O-7">
			<RouteLink id="RL_32-CCR-_-y05-23-O-7-1">
				<From>
					<StopPointRef>9300WMR1</StopPointRef>
				</From>
				<To>
					<StopPointRef>9300WMP3</StopPointRef>
				</To>
				<Direction>outbound</Direction>
			</RouteLink>
			<RouteLink id="RL_32-CCR-_-y05-23-O-7-2">
				<From>
					<StopPointRef>9300WMP3</StopPointRef>
				</From>
				<To>
					<StopPointRef>9300TMP4</StopPointRef>
				</To>
				<Direction>outbound</Direction>
			</RouteLink>
			<RouteLink id="RL_32-CCR-_-y05-23-O-7-3">
				<From>
					<StopPointRef>9300TMP4</StopPointRef>
				</From>
				<To>
					<StopPointRef>9300GNW2</StopPointRef>
				</To>
				<Direction>outbound</Direction>
			</RouteLink>
		</RouteSection>
	</RouteSections>
	<Routes>
		<Route id="R_32-CCR-_-y05-23-I-1">
			<PrivateCode>R_32-CCR-_-y05-23-I-1</PrivateCode>
			<Description>Greenwich Pier - Westminster Pier</Description>
			<RouteSectionRef>RS_32-CCR-_-y05-23-I-1</RouteSectionRef>
		</Route>
		<Route id="R_32-CCR-_-y05-23-I-2">
			<PrivateCode>R_32-CCR-_-y05-23-I-2</PrivateCode>
			<Description>Tower Pier - Westminster Pier</Description>
			<RouteSectionRef>RS_32-CCR-_-y05-23-I-2</RouteSectionRef>
		</Route>
		<Route id="R_32-CCR-_-y05-23-O-4">
			<PrivateCode>R_32-CCR-_-y05-23-O-4</PrivateCode>
			<Description>Westminster Pier - Tower Pier</Description>
			<RouteSectionRef>RS_32-CCR-_-y05-23-O-4</RouteSectionRef>
		</Route>
		<Route id="R_32-CCR-_-y05-23-O-7">
			<PrivateCode>R_32-CCR-_-y05-23-O-7</PrivateCode>
			<Description>Westminster Pier - Greenwich Pier</Description>
			<RouteSectionRef>RS_32-CCR-_-y05-23-O-7</RouteSectionRef>
		</Route>
	</Routes>
	<JourneyPatternSections>
		<JourneyPatternSection id="JPS_32-CCR-_-y05-23-6-2-I">
			<JourneyPatternTimingLink id="JPL_32-CCR-_-y05-23-6-I-2-2">
				<From SequenceNumber="2">
					<Activity>pickUp</Activity>
					<StopPointRef>9300TMP2</StopPointRef>
					<TimingStatus>PTP</TimingStatus>
				</From>
				<To SequenceNumber="3">
					<Activity>setDown</Activity>
					<StopPointRef>9300WMR1</StopPointRef>
					<TimingStatus>PTP</TimingStatus>
				</To>
				<RouteLinkRef>RL_32-CCR-_-y05-23-I-2-1</RouteLinkRef>
				<RunTime>PT30M</RunTime>
			</JourneyPatternTimingLink>
		</JourneyPatternSection>
		<JourneyPatternSection id="JPS_32-CCR-_-y05-23-4-1-I">
			<JourneyPatternTimingLink id="JPL_32-CCR-_-y05-23-4-I-1-2">
				<From SequenceNumber="1">
					<Activity>pickUp</Activity>
					<StopPointRef>9300GNW1</StopPointRef>
					<TimingStatus>PTP</TimingStatus>
				</From>
				<To SequenceNumber="2">
					<Activity>pickUpAndSetDown</Activity>
					<StopPointRef>9300TMP2</StopPointRef>
					<TimingStatus>PTP</TimingStatus>
				</To>
				<RouteLinkRef>RL_32-CCR-_-y05-23-I-1-1</RouteLinkRef>
				<RunTime>PT45M</RunTime>
			</JourneyPatternTimingLink>
			<JourneyPatternTimingLink id="JPL_32-CCR-_-y05-23-4-I-1-3">
				<From SequenceNumber="2">
					<Activity>pickUpAndSetDown</Activity>
					<StopPointRef>9300TMP2</StopPointRef>
					<TimingStatus>PTP</TimingStatus>
				</From>
				<To SequenceNumber="3">
					<Activity>setDown</Activity>
					<StopPointRef>9300WMR1</StopPointRef>
					<TimingStatus>PTP</TimingStatus>
				</To>
				<RouteLinkRef>RL_32-CCR-_-y05-23-I-1-2</RouteLinkRef>
				<RunTime>PT30M</RunTime>
			</JourneyPatternTimingLink>
		</JourneyPatternSection>
		<JourneyPatternSection id="JPS_32-CCR-_-y05-23-15-7-O">
			<JourneyPatternTimingLink id="JPL_32-CCR-_-y05-23-15-O-7-2">
				<From SequenceNumber="1">
					<Activity>pickUp</Activity>
					<StopPointRef>9300WMR1</StopPointRef>
					<TimingStatus>PTP</TimingStatus>
				</From>
				<To SequenceNumber="2">
					<Activity>pickUpAndSetDown</Activity>
					<StopPointRef>9300WMP3</StopPointRef>
					<TimingStatus>PTP</TimingStatus>
				</To>
				<RouteLinkRef>RL_32-CCR-_-y05-23-O-7-1</RouteLinkRef>
				<RunTime>PT10M</RunTime>
			</JourneyPatternTimingLink>
			<JourneyPatternTimingLink id="JPL_32-CCR-_-y05-23-15-O-7-3">
				<From SequenceNumber="2">
					<Activity>pickUpAndSetDown</Activity>
					<StopPointRef>9300WMP3</StopPointRef>
					<TimingStatus>PTP</TimingStatus>
				</From>
				<To SequenceNumber="3">
					<Activity>pickUpAndSetDown</Activity>
					<StopPointRef>9300TMP4</StopPointRef>
					<TimingStatus>PTP</TimingStatus>
				</To>
				<RouteLinkRef>RL_32-CCR-_-y05-23-O-7-2</RouteLinkRef>
				<RunTime>PT40M</RunTime>
			</JourneyPatternTimingLink>
			<JourneyPatternTimingLink id="JPL_32-CCR-_-y05-23-15-O-7-4">
				<From SequenceNumber="3">
					<Activity>pickUpAndSetDown</Activity>
					<StopPointRef>9300TMP4</StopPointRef>
					<TimingStatus>PTP</TimingStatus>
				</From>
				<To SequenceNumber="4">
					<Activity>setDown</Activity>
					<StopPointRef>9300GNW2</StopPointRef>
					<TimingStatus>PTP</TimingStatus>
				</To>
				<RouteLinkRef>RL_32-CCR-_-y05-23-O-7-3</RouteLinkRef>
				<RunTime>PT30M</RunTime>
			</JourneyPatternTimingLink>
		</JourneyPatternSection>
		<JourneyPatternSection id="JPS_32-CCR-_-y05-23-11-4-O">
			<JourneyPatternTimingLink id="JPL_32-CCR-_-y05-23-11-O-4-2">
				<From SequenceNumber="1">
					<Activity>pickUp</Activity>
					<StopPointRef>9300WMR1</StopPointRef>
					<TimingStatus>PTP</TimingStatus>
				</From>
				<To SequenceNumber="2">
					<Activity>pickUpAndSetDown</Activity>
					<StopPointRef>9300WMP3</StopPointRef>
					<TimingStatus>PTP</TimingStatus>
				</To>
				<RouteLinkRef>RL_32-CCR-_-y05-23-O-4-1</RouteLinkRef>
				<RunTime>PT10M</RunTime>
			</JourneyPatternTimingLink>
			<JourneyPatternTimingLink id="JPL_32-CCR-_-y05-23-11-O-4-3">
				<From SequenceNumber="2">
					<Activity>pickUpAndSetDown</Activity>
					<StopPointRef>9300WMP3</StopPointRef>
					<TimingStatus>PTP</TimingStatus>
				</From>
				<To SequenceNumber="3">
					<Activity>setDown</Activity>
					<StopPointRef>9300TMP4</StopPointRef>
					<TimingStatus>PTP</TimingStatus>
				</To>
				<RouteLinkRef>RL_32-CCR-_-y05-23-O-4-2</RouteLinkRef>
				<RunTime>PT30M</RunTime>
			</JourneyPatternTimingLink>
		</JourneyPatternSection>
	</JourneyPatternSections>
	<Operators>
		<Operator id="OId_CCR">
			<OperatorCode>CCR</OperatorCode>
			<OperatorShortName>City Cruises</OperatorShortName>
			<OperatorNameOnLicence>City Cruises</OperatorNameOnLicence>
			<TradingName>City Cruises</TradingName>
		</Operator>
	</Operators>
	<Services>
		<Service>
			<ServiceCode>32-CCR-_-y05-23</ServiceCode>
			<PrivateCode>32-CCR-_-y05-23</PrivateCode>
			<Lines>
				<Line id="32-CCR-_-y05-23">
					<LineName>City Cruises</LineName>
				</Line>
			</Lines>
			<OperatingPeriod>
				<StartDate>2019-07-02</StartDate>
				<EndDate>2019-09-16</EndDate>
			</OperatingPeriod>
			<OperatingProfile>
				<RegularDayType>
					<DaysOfWeek>
						<MondayToSunday />
					</DaysOfWeek>
				</RegularDayType>
			</OperatingProfile>
			<RegisteredOperatorRef>OId_CCR</RegisteredOperatorRef>
			<StopRequirements>
				<NoNewStopsRequired />
			</StopRequirements>
			<Mode>ferry</Mode>
			<Description>Westminster - Greenwich</Description>
			<StandardService>
				<Origin>Westminster Pier</Origin>
				<Destination>Greenwich Pier</Destination>
				<JourneyPattern id="JP_32-CCR-_-y05-23-6-I-2">
					<Direction>inbound</Direction>
					<Operational>
						<VehicleType>
							<VehicleTypeCode>RTA</VehicleTypeCode>
							<Description>River Tours Acessible</Description>
						</VehicleType>
					</Operational>
					<RouteRef>R_32-CCR-_-y05-23-I-2</RouteRef>
					<JourneyPatternSectionRefs>JPS_32-CCR-_-y05-23-6-2-I</JourneyPatternSectionRefs>
				</JourneyPattern>
				<JourneyPattern id="JP_32-CCR-_-y05-23-4-I-1">
					<Direction>inbound</Direction>
					<Operational>
						<VehicleType>
							<VehicleTypeCode>RTA</VehicleTypeCode>
							<Description>River Tours Acessible</Description>
						</VehicleType>
					</Operational>
					<RouteRef>R_32-CCR-_-y05-23-I-1</RouteRef>
					<JourneyPatternSectionRefs>JPS_32-CCR-_-y05-23-4-1-I</JourneyPatternSectionRefs>
				</JourneyPattern>
				<JourneyPattern id="JP_32-CCR-_-y05-23-15-O-7">
					<Direction>outbound</Direction>
					<Operational>
						<VehicleType>
							<VehicleTypeCode>RTA</VehicleTypeCode>
							<Description>River Tours Acessible</Description>
						</VehicleType>
					</Operational>
					<RouteRef>R_32-CCR-_-y05-23-O-7</RouteRef>
					<JourneyPatternSectionRefs>JPS_32-CCR-_-y05-23-15-7-O</JourneyPatternSectionRefs>
				</JourneyPattern>
				<JourneyPattern id="JP_32-CCR-_-y05-23-11-O-4">
					<Direction>outbound</Direction>
					<Operational>
						<VehicleType>
							<VehicleTypeCode>RTA</VehicleTypeCode>
							<Description>River Tours Acessible</Description>
						</VehicleType>
					</Operational>
					<RouteRef>R_32-CCR-_-y05-23-O-4</RouteRef>
					<JourneyPatternSectionRefs>JPS_32-CCR-_-y05-23-11-4-O</JourneyPatternSectionRefs>
				</JourneyPattern>
			</StandardService>
		</Service>
	</Services>
	<VehicleJourneys>
		<VehicleJourney>
			<PrivateCode>tfl-32-CCR-_-y05-23-1-TA</PrivateCode>
			<Operational>
				<VehicleType>
					<VehicleTypeCode>RTA</VehicleTypeCode>
					<Description>River Tours Acessible</Description>
				</VehicleType>
			</Operational>
			<VehicleJourneyCode>VJ_32-CCR-_-y05-23-1-TA</VehicleJourneyCode>
			<ServiceRef>32-CCR-_-y05-23</ServiceRef>
			<LineRef>32-CCR-_-y05-23</LineRef>
			<JourneyPatternRef>JP_32-CCR-_-y05-23-6-I-2</JourneyPatternRef>
			<DepartureTime>10:00:00</DepartureTime>
		</VehicleJourney>
		<VehicleJourney>
			<PrivateCode>tfl-32-CCR-_-y05-23-2-TA</PrivateCode>
			<Operational>
				<VehicleType>
					<VehicleTypeCode>RTA</VehicleTypeCode>
					<Description>River Tours Acessible</Description>
				</VehicleType>
			</Operational>
			<VehicleJourneyCode>VJ_32-CCR-_-y05-23-2-TA</VehicleJourneyCode>
			<ServiceRef>32-CCR-_-y05-23</ServiceRef>
			<LineRef>32-CCR-_-y05-23</LineRef>
			<JourneyPatternRef>JP_32-CCR-_-y05-23-4-I-1</JourneyPatternRef>
			<DepartureTime>18:30:00</DepartureTime>
		</VehicleJourney>
		<VehicleJourney>
			<PrivateCode>tfl-32-CCR-_-y05-23-3-TA</PrivateCode>
			<Operational>
				<VehicleType>
					<VehicleTypeCode>RTA</VehicleTypeCode>
					<Description>River Tours Acessible</Description>
				</VehicleType>
			</Operational>
			<VehicleJourneyCode>VJ_32-CCR-_-y05-23-3-TA</VehicleJourneyCode>
			<ServiceRef>32-CCR-_-y05-23</ServiceRef>
			<LineRef>32-CCR-_-y05-23</LineRef>
			<JourneyPatternRef>JP_32-CCR-_-y05-23-15-O-7</JourneyPatternRef>
			<DepartureTime>10:00:00</DepartureTime>
		</VehicleJourney>
		<VehicleJourney>
			<PrivateCode>tfl-32-CCR-_-y05-23-4-TA</PrivateCode>
			<Operational>
				<VehicleType>
					<VehicleTypeCode>RTA</VehicleTypeCode>
					<Description>River Tours Acessible</Description>
				</VehicleType>
			</Operational>
			<VehicleJourneyCode>VJ_32-CCR-_-y05-23-4-TA</VehicleJourneyCode>
			<ServiceRef>32-CCR-_-y05-23</ServiceRef>
			<LineRef>32-CCR-_-y05-23</LineRef>
			<JourneyPatternRef>JP_32-CCR-_-y05-23-15-O-7</JourneyPatternRef>
			<DepartureTime>10:40:00</DepartureTime>
		</VehicleJourney>
		<VehicleJourney>
			<PrivateCode>tfl-32-CCR-_-y05-23-5-TA</PrivateCode>
			<Operational>
				<VehicleType>
					<VehicleTypeCode>RTA</VehicleTypeCode>
					<Description>River Tours Acessible</Description>
				</VehicleType>
			</Operational>
			<VehicleJourneyCode>VJ_32-CCR-_-y05-23-5-TA</VehicleJourneyCode>
			<ServiceRef>32-CCR-_-y05-23</ServiceRef>
			<LineRef>32-CCR-_-y05-23</LineRef>
			<JourneyPatternRef>JP_32-CCR-_-y05-23-15-O-7</JourneyPatternRef>
			<DepartureTime>11:20:00</DepartureTime>
		</VehicleJourney>
		<VehicleJourney>
			<PrivateCode>tfl-32-CCR-_-y05-23-6-TA</PrivateCode>
			<Operational>
				<VehicleType>
					<VehicleTypeCode>RTA</VehicleTypeCode>
					<Description>River Tours Acessible</Description>
				</VehicleType>
			</Operational>
			<VehicleJourneyCode>VJ_32-CCR-_-y05-23-6-TA</VehicleJourneyCode>
			<ServiceRef>32-CCR-_-y05-23</ServiceRef>
			<LineRef>32-CCR-_-y05-23</LineRef>
			<JourneyPatternRef>JP_32-CCR-_-y05-23-15-O-7</JourneyPatternRef>
			<DepartureTime>12:00:00</DepartureTime>
		</VehicleJourney>
		<VehicleJourney>
			<PrivateCode>tfl-32-CCR-_-y05-23-7-TA</PrivateCode>
			<Operational>
				<VehicleType>
					<VehicleTypeCode>RTA</VehicleTypeCode>
					<Description>River Tours Acessible</Description>
				</VehicleType>
			</Operational>
			<VehicleJourneyCode>VJ_32-CCR-_-y05-23-7-TA</VehicleJourneyCode>
			<ServiceRef>32-CCR-_-y05-23</ServiceRef>
			<LineRef>32-CCR-_-y05-23</LineRef>
			<JourneyPatternRef>JP_32-CCR-_-y05-23-15-O-7</JourneyPatternRef>
			<DepartureTime>12:40:00</DepartureTime>
		</VehicleJourney>
		<VehicleJourney>
			<PrivateCode>tfl-32-CCR-_-y05-23-8-TA</PrivateCode>
			<Operational>
				<VehicleType>
					<VehicleTypeCode>RTA</VehicleTypeCode>
					<Description>River Tours Acessible</Description>
				</VehicleType>
			</Operational>
			<VehicleJourneyCode>VJ_32-CCR-_-y05-23-8-TA</VehicleJourneyCode>
			<ServiceRef>32-CCR-_-y05-23</ServiceRef>
			<LineRef>32-CCR-_-y05-23</LineRef>
			<JourneyPatternRef>JP_32-CCR-_-y05-23-15-O-7</JourneyPatternRef>
			<DepartureTime>13:20:00</DepartureTime>
		</VehicleJourney>
		<VehicleJourney>
			<PrivateCode>tfl-32-CCR-_-y05-23-9-TA</PrivateCode>
			<Operational>
				<VehicleType>
					<VehicleTypeCode>RTA</VehicleTypeCode>
					<Description>River Tours Acessible</Description>
				</VehicleType>
			</Operational>
			<VehicleJourneyCode>VJ_32-CCR-_-y05-23-9-TA</VehicleJourneyCode>
			<ServiceRef>32-CCR-_-y05-23</ServiceRef>
			<LineRef>32-CCR-_-y05-23</LineRef>
			<JourneyPatternRef>JP_32-CCR-_-y05-23-15-O-7</JourneyPatternRef>
			<DepartureTime>14:00:00</DepartureTime>
		</VehicleJourney>
		<VehicleJourney>
			<PrivateCode>tfl-32-CCR-_-y05-23-10-TA</PrivateCode>
			<Operational>
				<VehicleType>
					<VehicleTypeCode>RTA</VehicleTypeCode>
					<Description>River Tours Acessible</Description>
				</VehicleType>
			</Operational>
			<VehicleJourneyCode>VJ_32-CCR-_-y05-23-10-TA</VehicleJourneyCode>
			<ServiceRef>32-CCR-_-y05-23</ServiceRef>
			<LineRef>32-CCR-_-y05-23</LineRef>
			<JourneyPatternRef>JP_32-CCR-_-y05-23-15-O-7</JourneyPatternRef>
			<DepartureTime>14:40:00</DepartureTime>
		</VehicleJourney>
		<VehicleJourney>
			<PrivateCode>tfl-32-CCR-_-y05-23-11-TA</PrivateCode>
			<Operational>
				<VehicleType>
					<VehicleTypeCode>RTA</VehicleTypeCode>
					<Description>River Tours Acessible</Description>
				</VehicleType>
			</Operational>
			<VehicleJourneyCode>VJ_32-CCR-_-y05-23-11-TA</VehicleJourneyCode>
			<ServiceRef>32-CCR-_-y05-23</ServiceRef>
			<LineRef>32-CCR-_-y05-23</LineRef>
			<JourneyPatternRef>JP_32-CCR-_-y05-23-15-O-7</JourneyPatternRef>
			<DepartureTime>15:20:00</DepartureTime>
		</VehicleJourney>
		<VehicleJourney>
			<PrivateCode>tfl-32-CCR-_-y05-23-12-TA</PrivateCode>
			<Operational>
				<VehicleType>
					<VehicleTypeCode>RTA</VehicleTypeCode>
					<Description>River Tours Acessible</Description>
				</VehicleType>
			</Operational>
			<VehicleJourneyCode>VJ_32-CCR-_-y05-23-12-TA</VehicleJourneyCode>
			<ServiceRef>32-CCR-_-y05-23</ServiceRef>
			<LineRef>32-CCR-_-y05-23</LineRef>
			<JourneyPatternRef>JP_32-CCR-_-y05-23-15-O-7</JourneyPatternRef>
			<DepartureTime>16:00:00</DepartureTime>
		</VehicleJourney>
		<VehicleJourney>
			<PrivateCode>tfl-32-CCR-_-y05-23-13-TA</PrivateCode>
			<Operational>
				<VehicleType>
					<VehicleTypeCode>RTA</VehicleTypeCode>
					<Description>River Tours Acessible</Description>
				</VehicleType>
			</Operational>
			<VehicleJourneyCode>VJ_32-CCR-_-y05-23-13-TA</VehicleJourneyCode>
			<ServiceRef>32-CCR-_-y05-23</ServiceRef>
			<LineRef>32-CCR-_-y05-23</LineRef>
			<JourneyPatternRef>JP_32-CCR-_-y05-23-15-O-7</JourneyPatternRef>
			<DepartureTime>16:40:00</DepartureTime>
		</VehicleJourney>
		<VehicleJourney>
			<PrivateCode>tfl-32-CCR-_-y05-23-14-TA</PrivateCode>
			<Operational>
				<VehicleType>
					<VehicleTypeCode>RTA</VehicleTypeCode>
					<Description>River Tours Acessible</Description>
				</VehicleType>
			</Operational>
			<VehicleJourneyCode>VJ_32-CCR-_-y05-23-14-TA</VehicleJourneyCode>
			<ServiceRef>32-CCR-_-y05-23</ServiceRef>
			<LineRef>32-CCR-_-y05-23</LineRef>
			<JourneyPatternRef>JP_32-CCR-_-y05-23-11-O-4</JourneyPatternRef>
			<DepartureTime>17:20:00</DepartureTime>
		</VehicleJourney>
		<VehicleJourney>
			<PrivateCode>tfl-32-CCR-_-y05-23-15-TA</PrivateCode>
			<Operational>
				<VehicleType>
					<VehicleTypeCode>RTA</VehicleTypeCode>
					<Description>River Tours Acessible</Description>
				</VehicleType>
			</Operational>
			<VehicleJourneyCode>VJ_32-CCR-_-y05-23-15-TA</VehicleJourneyCode>
			<ServiceRef>32-CCR-_-y05-23</ServiceRef>
			<LineRef>32-CCR-_-y05-23</LineRef>
			<JourneyPatternRef>JP_32-CCR-_-y05-23-11-O-4</JourneyPatternRef>
			<DepartureTime>18:00:00</DepartureTime>
		</VehicleJourney>
		<VehicleJourney>
			<PrivateCode>tfl-32-CCR-_-y05-23-16-TA</PrivateCode>
			<Operational>
				<VehicleType>
					<VehicleTypeCode>RTA</VehicleTypeCode>
					<Description>River Tours Acessible</Description>
				</VehicleType>
			</Operational>
			<VehicleJourneyCode>VJ_32-CCR-_-y05-23-16-TA</VehicleJourneyCode>
			<ServiceRef>32-CCR-_-y05-23</ServiceRef>
			<LineRef>32-CCR-_-y05-23</LineRef>
			<JourneyPatternRef>JP_32-CCR-_-y05-23-11-O-4</JourneyPatternRef>
			<DepartureTime>18:40:00</DepartureTime>
		</VehicleJourney>
		<VehicleJourney>
			<PrivateCode>tfl-32-CCR-_-y05-23-17-TA</PrivateCode>
			<Operational>
				<VehicleType>
					<VehicleTypeCode>RTA</VehicleTypeCode>
					<Description>River Tours Acessible</Description>
				</VehicleType>
			</Operational>
			<VehicleJourneyCode>VJ_32-CCR-_-y05-23-17-TA</VehicleJourneyCode>
			<ServiceRef>32-CCR-_-y05-23</ServiceRef>
			<LineRef>32-CCR-_-y05-23</LineRef>
			<JourneyPatternRef>JP_32-CCR-_-y05-23-11-O-4</JourneyPatternRef>
			<DepartureTime>19:20:00</DepartureTime>
		</VehicleJourney>
		<VehicleJourney>
			<PrivateCode>tfl-32-CCR-_-y05-23-18-TA</PrivateCode>
			<Operational>
				<VehicleType>
					<VehicleTypeCode>RTA</VehicleTypeCode>
					<Description>River Tours Acessible</Description>
				</VehicleType>
			</Operational>
			<VehicleJourneyCode>VJ_32-CCR-_-y05-23-18-TA</VehicleJourneyCode>
			<ServiceRef>32-CCR-_-y05-23</ServiceRef>
			<LineRef>32-CCR-_-y05-23</LineRef>
			<JourneyPatternRef>JP_32-CCR-_-y05-23-4-I-1</JourneyPatternRef>
			<DepartureTime>10:30:00</DepartureTime>
		</VehicleJourney>
		<VehicleJourney>
			<PrivateCode>tfl-32-CCR-_-y05-23-19-TA</PrivateCode>
			<Operational>
				<VehicleType>
					<VehicleTypeCode>RTA</VehicleTypeCode>
					<Description>River Tours Acessible</Description>
				</VehicleType>
			</Operational>
			<VehicleJourneyCode>VJ_32-CCR-_-y05-23-19-TA</VehicleJourneyCode>
			<ServiceRef>32-CCR-_-y05-23</ServiceRef>
			<LineRef>32-CCR-_-y05-23</LineRef>
			<JourneyPatternRef>JP_32-CCR-_-y05-23-4-I-1</JourneyPatternRef>
			<DepartureTime>11:10:00</DepartureTime>
		</VehicleJourney>
		<VehicleJourney>
			<PrivateCode>tfl-32-CCR-_-y05-23-20-TA</PrivateCode>
			<Operational>
				<VehicleType>
					<VehicleTypeCode>RTA</VehicleTypeCode>
					<Description>River Tours Acessible</Description>
				</VehicleType>
			</Operational>
			<VehicleJourneyCode>VJ_32-CCR-_-y05-23-20-TA</VehicleJourneyCode>
			<ServiceRef>32-CCR-_-y05-23</ServiceRef>
			<LineRef>32-CCR-_-y05-23</LineRef>
			<JourneyPatternRef>JP_32-CCR-_-y05-23-4-I-1</JourneyPatternRef>
			<DepartureTime>11:50:00</DepartureTime>
		</VehicleJourney>
		<VehicleJourney>
			<PrivateCode>tfl-32-CCR-_-y05-23-21-TA</PrivateCode>
			<Operational>
				<VehicleType>
					<VehicleTypeCode>RTA</VehicleTypeCode>
					<Description>River Tours Acessible</Description>
				</VehicleType>
			</Operational>
			<VehicleJourneyCode>VJ_32-CCR-_-y05-23-21-TA</VehicleJourneyCode>
			<ServiceRef>32-CCR-_-y05-23</ServiceRef>
			<LineRef>32-CCR-_-y05-23</LineRef>
			<JourneyPatternRef>JP_32-CCR-_-y05-23-4-I-1</JourneyPatternRef>
			<DepartureTime>12:30:00</DepartureTime>
		</VehicleJourney>
		<VehicleJourney>
			<PrivateCode>tfl-32-CCR-_-y05-23-22-TA</PrivateCode>
			<Operational>
				<VehicleType>
					<VehicleTypeCode>RTA</VehicleTypeCode>
					<Description>River Tours Acessible</Description>
				</VehicleType>
			</Operational>
			<VehicleJourneyCode>VJ_32-CCR-_-y05-23-22-TA</VehicleJourneyCode>
			<ServiceRef>32-CCR-_-y05-23</ServiceRef>
			<LineRef>32-CCR-_-y05-23</LineRef>
			<JourneyPatternRef>JP_32-CCR-_-y05-23-4-I-1</JourneyPatternRef>
			<DepartureTime>13:10:00</DepartureTime>
		</VehicleJourney>
		<VehicleJourney>
			<PrivateCode>tfl-32-CCR-_-y05-23-23-TA</PrivateCode>
			<Operational>
				<VehicleType>
					<VehicleTypeCode>RTA</VehicleTypeCode>
					<Description>River Tours Acessible</Description>
				</VehicleType>
			</Operational>
			<VehicleJourneyCode>VJ_32-CCR-_-y05-23-23-TA</VehicleJourneyCode>
			<ServiceRef>32-CCR-_-y05-23</ServiceRef>
			<LineRef>32-CCR-_-y05-23</LineRef>
			<JourneyPatternRef>JP_32-CCR-_-y05-23-4-I-1</JourneyPatternRef>
			<DepartureTime>13:50:00</DepartureTime>
		</VehicleJourney>
		<VehicleJourney>
			<PrivateCode>tfl-32-CCR-_-y05-23-24-TA</PrivateCode>
			<Operational>
				<VehicleType>
					<VehicleTypeCode>RTA</VehicleTypeCode>
					<Description>River Tours Acessible</Description>
				</VehicleType>
			</Operational>
			<VehicleJourneyCode>VJ_32-CCR-_-y05-23-24-TA</VehicleJourneyCode>
			<ServiceRef>32-CCR-_-y05-23</ServiceRef>
			<LineRef>32-CCR-_-y05-23</LineRef>
			<JourneyPatternRef>JP_32-CCR-_-y05-23-4-I-1</JourneyPatternRef>
			<DepartureTime>14:30:00</DepartureTime>
		</VehicleJourney>
		<VehicleJourney>
			<PrivateCode>tfl-32-CCR-_-y05-23-25-TA</PrivateCode>
			<Operational>
				<VehicleType>
					<VehicleTypeCode>RTA</VehicleTypeCode>
					<Description>River Tours Acessible</Description>
				</VehicleType>
			</Operational>
			<VehicleJourneyCode>VJ_32-CCR-_-y05-23-25-TA</VehicleJourneyCode>
			<ServiceRef>32-CCR-_-y05-23</ServiceRef>
			<LineRef>32-CCR-_-y05-23</LineRef>
			<JourneyPatternRef>JP_32-CCR-_-y05-23-4-I-1</JourneyPatternRef>
			<DepartureTime>15:10:00</DepartureTime>
		</VehicleJourney>
		<VehicleJourney>
			<PrivateCode>tfl-32-CCR-_-y05-23-26-TA</PrivateCode>
			<Operational>
				<VehicleType>
					<VehicleTypeCode>RTA</VehicleTypeCode>
					<Description>River Tours Acessible</Description>
				</VehicleType>
			</Operational>
			<VehicleJourneyCode>VJ_32-CCR-_-y05-23-26-TA</VehicleJourneyCode>
			<ServiceRef>32-CCR-_-y05-23</ServiceRef>
			<LineRef>32-CCR-_-y05-23</LineRef>
			<JourneyPatternRef>JP_32-CCR-_-y05-23-4-I-1</JourneyPatternRef>
			<DepartureTime>15:50:00</DepartureTime>
		</VehicleJourney>
		<VehicleJourney>
			<PrivateCode>tfl-32-CCR-_-y05-23-27-TA</PrivateCode>
			<Operational>
				<VehicleType>
					<VehicleTypeCode>RTA</VehicleTypeCode>
					<Description>River Tours Acessible</Description>
				</VehicleType>
			</Operational>
			<VehicleJourneyCode>VJ_32-CCR-_-y05-23-27-TA</VehicleJourneyCode>
			<ServiceRef>32-CCR-_-y05-23</ServiceRef>
			<LineRef>32-CCR-_-y05-23</LineRef>
			<JourneyPatternRef>JP_32-CCR-_-y05-23-4-I-1</JourneyPatternRef>
			<DepartureTime>16:30:00</DepartureTime>
		</VehicleJourney>
		<VehicleJourney>
			<PrivateCode>tfl-32-CCR-_-y05-23-28-TA</PrivateCode>
			<Operational>
				<VehicleType>
					<VehicleTypeCode>RTA</VehicleTypeCode>
					<Description>River Tours Acessible</Description>
				</VehicleType>
			</Operational>
			<VehicleJourneyCode>VJ_32-CCR-_-y05-23-28-TA</VehicleJourneyCode>
			<ServiceRef>32-CCR-_-y05-23</ServiceRef>
			<LineRef>32-CCR-_-y05-23</LineRef>
			<JourneyPatternRef>JP_32-CCR-_-y05-23-4-I-1</JourneyPatternRef>
			<DepartureTime>17:10:00</DepartureTime>
		</VehicleJourney>
		<VehicleJourney>
			<PrivateCode>tfl-32-CCR-_-y05-23-29-TA</PrivateCode>
			<Operational>
				<VehicleType>
					<VehicleTypeCode>RTA</VehicleTypeCode>
					<Description>River Tours Acessible</Description>
				</VehicleType>
			</Operational>
			<VehicleJourneyCode>VJ_32-CCR-_-y05-23-29-TA</VehicleJourneyCode>
			<ServiceRef>32-CCR-_-y05-23</ServiceRef>
			<LineRef>32-CCR-_-y05-23</LineRef>
			<JourneyPatternRef>JP_32-CCR-_-y05-23-4-I-1</JourneyPatternRef>
			<DepartureTime>17:50:00</DepartureTime>
		</VehicleJourney>
		<VehicleJourney>
			<PrivateCode>tfl-32-CCR-_-y05-23-30-TA</PrivateCode>
			<Operational>
				<VehicleType>
					<VehicleTypeCode>RTA</VehicleTypeCode>
					<Description>River Tours Acessible</Description>
				</VehicleType>
			</Operational>
			<VehicleJourneyCode>VJ_32-CCR-_-y05-23-30-TA</VehicleJourneyCode>
			<ServiceRef>32-CCR-_-y05-23</ServiceRef>
			<LineRef>32-CCR-_-y05-23</LineRef>
			<JourneyPatternRef>JP_32-CCR-_-y05-23-6-I-2</JourneyPatternRef>
			<DepartureTime>10:40:00</DepartureTime>
		</VehicleJourney>
		<VehicleJourney>
			<PrivateCode>tfl-32-CCR-_-y05-23-31-TA</PrivateCode>
			<Operational>
				<VehicleType>
					<VehicleTypeCode>RTA</VehicleTypeCode>
					<Description>River Tours Acessible</Description>
				</VehicleType>
			</Operational>
			<VehicleJourneyCode>VJ_32-CCR-_-y05-23-31-TA</VehicleJourneyCode>
			<ServiceRef>32-CCR-_-y05-23</ServiceRef>
			<LineRef>32-CCR-_-y05-23</LineRef>
			<JourneyPatternRef>JP_32-CCR-_-y05-23-6-I-2</JourneyPatternRef>
			<DepartureTime>19:35:00</DepartureTime>
		</VehicleJourney>
		<VehicleJourney>
			<PrivateCode>tfl-32-CCR-_-y05-23-32-TA</PrivateCode>
			<Operational>
				<VehicleType>
					<VehicleTypeCode>RTA</VehicleTypeCode>
					<Description>River Tours Acessible</Description>
				</VehicleType>
			</Operational>
			<VehicleJourneyCode>VJ_32-CCR-_-y05-23-32-TA</VehicleJourneyCode>
			<ServiceRef>32-CCR-_-y05-23</ServiceRef>
			<LineRef>32-CCR-_-y05-23</LineRef>
			<JourneyPatternRef>JP_32-CCR-_-y05-23-6-I-2</JourneyPatternRef>
			<DepartureTime>18:15:00</DepartureTime>
		</VehicleJourney>
		<VehicleJourney>
			<PrivateCode>tfl-32-CCR-_-y05-23-33-TA</PrivateCode>
			<Operational>
				<VehicleType>
					<VehicleTypeCode>RTA</VehicleTypeCode>
					<Description>River Tours Acessible</Description>
				</VehicleType>
			</Operational>
			<VehicleJourneyCode>VJ_32-CCR-_-y05-23-33-TA</VehicleJourneyCode>
			<ServiceRef>32-CCR-_-y05-23</ServiceRef>
			<LineRef>32-CCR-_-y05-23</LineRef>
			<JourneyPatternRef>JP_32-CCR-_-y05-23-6-I-2</JourneyPatternRef>
			<DepartureTime>18:55:00</DepartureTime>
		</VehicleJourney>
	</VehicleJourneys>
</TransXChange>